Rank,WCA ID,Name,Elo
1,2022CHEN37,Caleb Chen,2595
2,2015SANC11,Nicolás Sánchez,2453
3,2017GARR05,Luke Garrett,2391
4,2019REDI02,Dominic Redisi,2384
5,2015CHER07,Tommy Cherry,2282
6,2015GRIE02,Luke Griesser,2247
7,2013BARK01,Justin Barker,2219
8,2016PARK02,Eli Parker,2218
9,2022NUNE03,Matias Marcantoni-Nunez,2166
10,2015TANG04,Calix Tang,2130
11,2018CREE01,Kerry Creech,2127
12,2017SANK04,Vishwa Sankar,2105
13,2021TRAN06,Reed Tran,2103
14,2017JAMP01,Ashten L. Jampayas,2101
15,2010HULL01,Katie Hull,2098
16,2017SWOR01,Noah Swor,2092
17,2016MULL04,Daniel Mullen,2073
18,2017MORR05,Micah Morrison,2070
19,2014STIN01,Jared Stinson,2035
20,2022EERN01,Mikhah Eernisse,2032
21,2017LAMB06,Andreas Lambropoulos,2030
22,2019PERS02,Alexander Persaud,2024
23,2015MINK04,Kevin Min,2023
24,2017SEOH01,Heewon Seo,2021
25,2016BROO08,Owen Brooks,2009
26,2016OCHS01,Zachary Ochs,1984
27,2016HART02,Sean Hartman,1981
28,2017KULK10,Pranav Kulkarni,1968
29,2012PARK03,Max Park,1965
30,2015MILL01,Dylan Miller,1961
31,2022BAOF01,Fiona Bao,1946
32,2022MOOR08,Joshua Moore,1943
33,2022STOU01,Rowan Stough,1942
34,2022DINC01,Ayden Dincher,1926
35,2016PILA03,Ryan Pilat,1922
36,2016LENT01,Miles Lentz,1920
37,2018WILS10,Keon Wilson,1916
38,2017RICH02,Braden Richards,1906
39,2021RIZZ01,Crimson Rizzo,1904
40,2016BITZ01,Carter Bitz,1904
41,2016BALA15,Jared Balassaitis,1893
42,2017NIEL03,Michael Nielsen,1859
43,2017PORT04,Daniel Porter,1856
44,2013JOHN10,Brian Johnson,1856
45,2017SUNC02,Christopher Sun,1849
46,2018BOHA01,Alex Bohac,1845
47,2015MCAC01,Teri McAcy,1843
48,2021GIAC02,Leo Giacobone,1832
49,2022GREC01,Miles Greco,1829
50,2013BROW04,Evan Brown,1823
51,2017RAND06,Ari Randers-Pehrson,1822
52,2023HECK01,Micah Heckerling,1821
53,2021STRA04,Jude Stradtner,1814
54,2022THIR02,Sarvesh Thirumalai,1808
55,2011FERA01,Joshua Feran,1801
56,2015KAME02,Marcus Kamen,1799
57,2017HICK03,Tyler Hicks,1793
58,2022SCHU05,Henry Schueneman,1792
59,2017STAR04,Silas Starling,1790
60,2019GANT05,Bhuvanesh Ganta,1785
61,2022LEAV01,Orion Leavitt-Lytle,1782
62,2022EDMO01,Owen James Edmondson,1779
63,2017BUEL01,Tyler Buel,1777
64,2014GOSL01,Raymond Goslow,1777
65,2018KHAN28,Zayn Khanani,1774
66,2014TILA01,Jonathan Tilahun,1770
67,2022BUTL02,Kellan Butler,1766
68,2022LEAC01,George Maxwell Leach,1759
69,2016SANC39,Lucas Sanchez,1750
70,2018GREG01,Soren Gregory,1750
71,2015YORK01,Daniel York,1742
72,2016LAYU01,Lorenzo Layug,1740
73,2016FEIS01,Sujan Feist,1740
74,2013SAVI01,Henry Savich,1737
75,2022WERN02,Max Werner,1732
76,2017CHAN07,Sumanth Chandrupatla,1732
77,2022LIWO01,Lucas Liwosz,1729
78,2014KOHA01,Thomas Kohann,1729
79,2010WHIT05,Zachary White,1726
80,2016SKIN01,Sean Skinner,1726
81,2016CHOW04,Waden Cho,1720
82,2016NUNE11,Brandon Nunez,1719
83,2010AMBR01,Jacob Ambrose,1718
84,2022OUEL01,Breylan Hamilton Ouellette,1718
85,2015MACK06,Zeke Mackay,1717
86,2016KAMA04,AJ Kamal,1715
87,2015BEUG01,David Beugnon,1714
88,2016VALE01,Zavian Valedon,1713
89,2019BISH01,Ryan Bishop,1713
90,2022MCCO03,Will McCoy,1708
91,2015VANL01,Luke Van Laningham,1705
92,2018LITT03,Jacob Littleton,1700
93,2017MCKE02,Aidan McKenzie,1698
94,2014OLAR02,James Olarte,1696
95,2015VIRA02,Azhar Virani,1690
96,2019BEAR03,Leyton Beardslee,1689
97,2022SMIT29,Eli Smith,1689
98,2017WOFF01,Roman Wofford,1688
99,2020ARTZ01,Eddie Artze,1688
100,2022RAJE06,Kavin Rajendran,1686
101,2022CHAP06,Douglas Chaplow,1685
102,2015MATE03,Keenan Matelski,1680
103,2017BRYA01,Thomas Bryan,1676
104,2016REDD10,Raghav Reddy,1675
105,2024HADY02,Rakan El Hady,1670
106,2014COLL02,Jeremy Collins,1670
107,2019SULL01,Tate Sullivan,1667
108,2022GUER14,Daniel Guerra,1664
109,2015HADA01,Garrett Hadaway,1663
110,2022PEAC02,Easan Peacock,1662
111,2017KOCH08,Tyler Kochy,1658
112,2019DRES01,CJ Dresdner,1657
113,2019FRAG03,Solomon Fraga,1656
114,2017HUYN02,Timothy Huynh,1653
115,2019REMI02,Matthew Remington,1652
116,2019BONE03,Antonio Bonessi,1650
117,2022SCOT04,Isaiah Scott,1648
118,2014NICH02,Dalton Nichols,1648
119,2017MORR06,Owen Morrison,1647
120,2014LUKE01,Dillon Luke,1643
121,2015LIUZ08,Zifeng Liu (刘子枫),1641
122,2022LAMJ01,Jacob Lam,1632
123,2016YODE01,David Yoder,1628
124,2018SAYS01,Josiah Samuel Saysombath,1625
125,2016SIEG01,Matthew Siegel,1624
126,2021WEIA01,Aiden Yudong Wei,1623
127,2023STON03,Austin Ray Stone,1621
128,2015KUCA01,Carter Kucala,1617
129,2013LANG03,Mason Langenderfer,1615
130,2016ALBR01,John Albright,1611
131,2022THOM38,MJ Thomas,1609
132,2022TRAN27,Dang Tran,1609
133,2022CHEN49,Lucas Y. Chen,1608
134,2023HAME05,Euan Ham,1604
135,2015DIZO02,Kieran Dizon,1603
136,2018GRAH05,Kate Grahame,1596
137,2018TRAN09,Tien Tran,1590
138,2016MUND01,Pratyush Mundra,1587
139,2023ZODE01,Preston Zoder,1586
140,2017HICK04,Daniel Hicklin,1580
141,2023EPPE02,Tyndale Epperson,1577
142,2018WEBE04,Samuel Weber,1575
143,2023MEDP01,Amit Medpalliwar,1575
144,2017MAIO01,Santino Maiorino,1575
145,2017BAIA01,Ryan Baiano,1573
146,2019PERE07,Ryan Perez,1573
147,2012MISH01,Siddhikant Mishra,1569
148,2023CAPE02,Jordan Cape,1569
149,2022STAN10,Nicolas Stan,1568
150,2023BASS10,Noah Bass,1568
151,2021RAMA02,Dev Ramani,1567
152,2022PHAM08,Alex Pham,1565
153,2022NIXL01,Luke Nix,1563
154,2018KHAN26,Hassan Khanani,1562
155,2018EVAR01,Jacob Evarts,1559
156,2015GOSK01,Max Goskie,1558
157,2014CHIC01,Christopher Chi,1558
158,2019CODR01,Briana Codrescu,1555
159,2023ZHAO11,Daniel Zhao,1555
160,2018SHUM02,Jacob Shum,1554
161,2022LENN02,Isaac Lennard,1551
162,2017BELJ01,Ian Beljour,1544
163,2017MEAD01,Alison Meador,1543
164,2019HENR03,Titus Henry,1538
165,2018MARA02,Bryce Maragni,1537
166,2023KELL06,Stratton Kellman,1536
167,2020BOYC01,Kepler Boyce,1536
168,2019SUNG03,Jongmyeong Sung,1536
169,2015WALL02,Travis Walls,1525
170,2023WHIT35,Billy White,1525
171,2018RUMM01,Ashtyn Rummel,1524
172,2019DUFF03,Matthew Duffin,1523
173,2022VACC03,Thaddeus Vacca,1521
174,2016HIGH01,Jacob Hightman,1520
175,2015GOVI03,Abhinav Govindaraju,1520
176,2023ZYTK01,Jakub Zytka,1519
177,2022FRYE01,Mayson Frye,1514
178,2023HELB01,Gavin Jax Helbley,1513
179,2022ROZE04,Joseph Rozelle,1510
180,2008REMO01,Jedrick Remonde,1509
181,2014KARN02,Daniel Karnaukh,1508
182,2022YOUN15,Maximus Young,1505
183,2016GOHN01,RJ Gohn,1505
184,2019JOHN20,Tyler Johnson,1505
185,2017STEE04,Logan Steele,1505
186,2019XUEL02,Elvin Xu,1503
187,2017MOOR03,Clay Moore,1502
188,2022KIMN01,NJ Kim,1501
189,2022TODD02,Weston Todd,1501
190,2024SLAT01,Elijah Slater,1500
191,2015WIDD01,Owen Widdis,1499
192,2023ANES01,Samuel Anes,1498
193,2016JERO01,Charles Jerome,1497
194,2023EASL01,Connor Easley,1493
195,2015WILL11,Maxwell Williamson,1492
196,2023MANG02,Declan Mangan-Lamb,1488
197,2023JIAN21,Shuxiu Jiang (蒋束修),1487
198,2023LAMB05,Noah Lambertt,1486
199,2018CATE03,Ethan Christopher Cates,1485
200,2019LIUV01,Victor Liu,1484
201,2022SHER07,Jacob Sherwood,1482
202,2023OVCH01,Luke Ovcharov,1480
203,2022DUNC05,Chase Duncan,1478
204,2014BROD03,Tyler Brodzinski,1478
205,2011GROG02,Shane Grogan,1477
206,2014WELL04,Dawson Wellman,1477
207,2018SCOT02,David Scott,1476
208,2023ABAB01,Roland Ababat,1475
209,2022SMIT20,Eddie Smith,1473
210,2020HEAD01,Ben Headley,1472
211,2017HANS09,Jake M. Hanson,1471
212,2022WRIG01,Henry A. Wright,1469
213,2021HAMB03,Canyon Hamby,1467
214,2022ZAND05,Davien Zan,1466
215,2018SUND13,Pranav Sundararajan,1464
216,2022HERN07,Daniel Estrada Hernandez,1464
217,2022BIGB01,Evan Bigby,1463
218,2023LEND01,Pratik Lende,1460
219,2022JENK02,Will Jenkins,1459
220,2015TRAC01,Catherine Trace,1457
221,2017ASHE01,Elliott Ashe,1457
222,2016YEAG01,Chris Yeager,1455
223,2016BAKE04,Ryan Baker,1455
224,2021PRIN02,Tyler Mason Printz,1450
225,2015MYER02,Isaac Myers,1450
226,2024BAND01,Subhan Bandaru,1447
227,2022GARC01,Luis Garcia,1447
228,2017FANI01,Jacob Fanikos,1447
229,2019SCHM12,Adam Schmucker,1446
230,2011GONZ04,Javier Gonzalez-Napoleoni,1443
231,2018DELI01,Kino Deligero,1443
232,2022MORS01,Kyle Morse,1442
233,2021MOSL01,Joseph Mosley,1441
234,2022PELS01,Jonathan Pelser,1440
235,2022UYAR01,Ali Aydin Uyar,1439
236,2023PIKE01,Jonathan Pike,1439
237,2011DWYE02,Nathan Dwyer,1439
238,2023SCHA16,Evan F. Scharnhorst,1433
239,2022LINA02,Andrew Lin,1432
240,2017WARR03,Oliver Warren,1431
241,2014WUGE01,George Wu (吴尚儒),1431
242,2017PLEI01,Coleton Pleiss,1431
243,2019SHER10,Ezra Shere,1430
244,2023SHAR40,Swaroop Sharma,1430
245,2018MOOR01,Jackson Moore,1427
246,2018DAKK01,Nandu Dakka,1426
247,2023LINB01,Beibei Lin,1426
248,2022KOLH01,Sharvil Kolhatkar,1425
249,2021ZHOU20,Brian Zhou,1422
250,2018FOWL03,Braxton Lee Fowler,1422
251,2021GASS01,Jeremy Gassman,1421
252,2022LUKA01,Matthew Lukaszewski,1421
253,2017PALA08,Harsha Paladugu,1415
254,2016GILS01,Ryan Gilson,1413
255,2022IKEK01,David Ikekhuah,1413
256,2022SACK01,Milo Sacks,1413
257,2015TEBO01,Dylan Teboe,1413
258,2022MOHY01,Sulaiman Mohyuddin,1412
259,2023WANG34,Andrew Patrick Wang,1409
260,2022AREL03,Pranav Arelli,1408
261,2013ORRE01,William Orrell,1406
262,2022ANDE13,Elijah Daniel Anderson,1405
263,2019VELL04,Callan Vellozzi,1402
264,2015DAVI09,Andrew Davis,1401
265,2022MUNO13,Samuel Alzate Muñoz,1400
266,2024DIAR01,Nyomi Diarra,1398
267,2014GRAV02,Nathan Graves,1398
268,2023LATI02,Shahir Latif,1394
269,2022MCPH01,Xavier Mcphee,1393
270,2010MCIL02,Ryan McIlhenny,1392
271,2016SMIT32,Kyler Smith,1391
272,2019COON04,Gage Coon,1391
273,2022GOOD11,Todd Goodwin,1391
274,2019SMIT28,Evan Smith,1390
275,2023QUIR06,William Quiroga,1389
276,2018HEAT02,David Heaton,1387
277,2023WELL04,Durham Lee Wells,1385
278,2021PRAS01,Amogh Prashanth,1383
279,2019LALP01,Prakhar Lal,1383
280,2019KRIS09,Vignesh Krishnakumar,1381
281,2022WIND03,Drew Windham,1380
282,2010ZHAO19,Eric Zhao,1380
283,2023JRET01,Ethan Seifried Jr.,1378
284,2019GALE02,Deacon Gale,1378
285,2018STAM01,Lucas Stambaugh,1378
286,2022BENN11,Annye Bennett,1376
287,2023DAVE06,Leo Davenport,1376
288,2017SAND15,Ben Sandlin,1376
289,2023SHUM01,Ho Pan Shum,1374
290,2020FLOR07,Alex Flores,1373
291,2016IVRO01,Robert Mapp IV,1370
292,2018KHUR07,Krish Khurana,1369
293,2023LUDW01,John Ludwick,1368
294,2023SLOA01,Luke Sloan,1366
295,2022GONZ30,Martin Hernandez Gonzalez,1366
296,2019PARS02,Heath Parsons,1366
297,2018KHAN27,Ibrahim Khanani,1366
298,2019TANK04,Aniket Tank,1364
299,2022WHIT16,Alaska Whitehead,1364
300,2022MAEL01,Elliot Yueshan Ma,1362
301,2023RIHA01,Taym Rihawi,1362
302,2023MAYL02,Liam Mayle,1361
303,2023RUSS03,John S. Russell III,1360
304,2022YOUN03,Carter Young,1358
305,2022CAUS02,Zion Causey,1358
306,2014AVER01,James Avery,1357
307,2022HITC02,Braden Hitchcox,1356
308,2014GREE02,Aussie Greene,1353
309,2018DEIN01,William Deinzer,1351
310,2012LANI01,Allen Lanier,1351
311,2022HUFF03,Quintan Anthony Huffman,1350
312,2023CHOJ02,Joshua Cho,1348
313,2022LINE03,Enson Lin,1345
314,2022ROSS18,Alexander Rossi,1344
315,2022ROGE07,Samuel Rogers,1344
316,2022KLAT03,Trenton Klaty,1343
317,2018ZIEL01,Gavin Zielke,1342
318,2024AREV03,Thomas Arevalo,1341
319,2023MCIN07,Oliver McIntire,1341
320,2014MARK03,Alexander Markoulis,1341
321,2022LEWI07,Jackson Lewis,1340
322,2017AMBR01,Vihaan Ambre,1339
323,2022FORR01,Fox Forrester,1339
324,2015JOIN01,Kyra Joiner,1338
325,2023WAGG02,Nathanael George Waggoner,1337
326,2017BUCH02,Brandon Buchalter,1331
327,2022ARAU04,Thomas Araujo,1330
328,2015OOIE01,Edison Ooi,1330
329,2021TIJE01,Gabby Tijerina,1330
330,2022ACHA04,Abhinav Acharyabhatta,1330
331,2023KAZE01,Ben Kazee,1329
332,2017JOHN22,Brian John,1329
333,2022PSZE01,Daniel Pszenny,1327
334,2018LESS01,Hayden Lesser,1326
335,2023LEVI02,Avery Levin,1325
336,2024VASQ06,Josue Vasquez,1324
337,2013GAWA01,Abhi Gawande,1324
338,2022TRAN28,Landon Tran,1322
339,2017PATT06,Tyler Patten,1321
340,2023BOLT05,Maddox Bolton,1320
341,2017KINM02,Caleb Kinman,1320
342,2023WILL20,Cameron Williamson,1319
343,2018MOSE03,Stephen Moseley,1319
344,2014BECK03,Joshua Beck,1319
345,2022SELF01,Oliver Self,1319
346,2023COTT01,Alik Cotton,1319
347,2016NASH01,Gabriel Nash,1318
348,2022WOLF02,Jasper Wolfe-Tham,1317
349,2022PHIL16,Makylah Phillips,1316
350,2022CRIB01,Zachary Cribb,1316
351,2024OREN02,Teddy Orendorff,1315
352,2023MARA16,Daniel Josue Maradiaga,1315
353,2023FLEM01,Jude Fleming,1314
354,2023MAND08,Reece Manders,1313
355,2018SZUS01,Eddie Szuster,1313
356,2023WEST26,Caleb West,1312
357,2023SILV07,Christopher Silva,1311
358,2023HARR37,Wyatt Harrison,1310
359,2017CULB01,Jonathan Culbertson,1310
360,2022JAIN02,Avi Jain,1310
361,2016YANG06,Andrew Yang,1310
362,2011FLAG01,Josh Flagg,1309
363,2015VEER01,Pranav Veera,1308
364,2016GUHA01,Ayan Guha,1308
365,2015FELD01,Noah Feld,1306
366,2018RICH05,Drake Denton Richard,1306
367,2022CONN11,Nathan Connor,1305
368,2023YUGE01,George Yu,1304
369,2018TOMK01,Dylan Tomko,1302
370,2023KOYA04,Keigo Koyama,1302
371,2018KEAR02,Caleb Kearney,1302
372,2011SAKO01,Corey Sakowski,1301
373,2023MOND01,Deuce Monds,1301
374,2022BAIE01,Johannes M. Baier,1301
375,2022WOLF03,Ethan Wolf,1299
376,2023NICH04,Jeffrey Nicholson,1299
377,2021SATT01,Eli Satterfield,1298
378,2023ADAM27,Sawyer Adams,1298
379,2022MAHE07,Arjun Mahesh,1297
380,2022VISH05,Shriyans Vishwakarma,1296
381,2016STEI04,Nicky Steingraber,1295
382,2017CUZI01,Trenton Cuzick,1295
383,2017KOJA01,Jandell Ryan Ko,1295
384,2023TROT01,Grant Trotter,1293
385,2013CABR01,Christopher Cabrera,1293
386,2018ACEB01,Lennon Acebal,1292
387,2024REED06,John Reed,1292
388,2022MEDI02,Judah von Meding,1291
389,2022LAKH01,Aamina Lakha,1291
390,2016AVER01,Thomas Avery,1290
391,2024FARL02,Josiah Farley,1289
392,2022MAGA01,Nicholas Magallanes,1289
393,2023CYRJ01,Jonah Cyr,1289
394,2017STAD01,Jonah Stadler,1287
395,2022PIKE02,Carter Pike,1285
396,2017DOVE01,Owen Dove,1284
397,2022KRAT02,Benjamin Kratochvil,1283
398,2023OWEN05,Aiden Benjamin Owens,1283
399,2018SULL01,Luke Sullivan,1282
400,2023TOLL01,Aiden Tolley,1281
401,2023CRAW01,Liam Crawford,1280
402,2017COOL02,Ethan Coolidge,1280
403,2022PLEA01,Andrew Pleasant,1279
404,2019DAHL02,Zack Dahlin,1279
405,2018WOLK01,Christopher Michael Wolk,1277
406,2019ISSA04,Abdelrahman Issa,1277
407,2020GROS01,Nolan Grosse,1276
408,2019MCDE02,Logan McDermott,1274
409,2018NIEU01,Lucas Nieuwland,1274
410,2023BLAI01,Ian Wayne Blair,1273
411,2015KIME01,Edward Kim,1272
412,2023RENY02,Yifei Ren,1272
413,2022CANC01,Collin Cancienne,1271
414,2022THOM13,Tristan Thompson,1270
415,2009HILD01,James Hildreth,1268
416,2015CLAU02,Carson Claud,1264
417,2023DICK09,Logan Cade Dickerson,1263
418,2023SUNS02,Shawn Sun,1261
419,2023KAUF01,Eli Kaufman,1260
420,2020KLEK01,Benjamin Klekamp,1259
421,2017KEEN04,Jacob Keener,1258
422,2023GLOV05,Ishmael Glover,1258
423,2018GANT01,Jack Vernon Gentile,1258
424,2018MARK06,Ian Markley,1257
425,2018MAKU02,Joshua T. Makuwa,1257
426,2023HAMI08,Jack Hamilton,1256
427,2017PASC05,Alex Paschal,1255
428,2022KOCH06,William Andrew Koch,1254
429,2023LEES15,Samuel Lee,1252
430,2022COXE01,Ethan William Cox,1252
431,2024CHEN23,Alec Cheng,1252
432,2016FRAG02,Louis Fragapane,1251
433,2016CHEN79,Owen Chen,1251
434,2023WANG24,Anthony Wang,1250
435,2022SMIT65,William Smith,1250
436,2023EDWA23,Dylan Mark Anderson Edwards,1250
437,2022YUBI01,Bill Yu,1250
438,2024VENG02,Marc Vengerovich,1250
439,2024WILS07,Isaiah Wilson,1249
440,2022KANN01,Tharun Kannan,1249
441,2013DICK01,Matthew Dickman,1249
442,2023WARD03,Benjamin Ward,1248
443,2021REYE02,Kevin Reyes-Velazquez,1247
444,2023KWON04,Thomas M. Kwon,1247
445,2023NOBL03,John Whitfield Noble,1247
446,2022MEHT01,Nicholas Dmitrieff Mehta,1245
447,2023VICC01,Maximiliano Vicci,1244
448,2022FORR02,Leon Luke Forrer,1242
449,2022SHAH03,Heerak Shah,1241
450,2024SCHL01,William Schlegel,1237
451,2023CHOI02,Collin Choi,1236
452,2018LAUT02,Jeremy Lauten,1236
453,2016BRIN04,Chris Van Der Brink,1235
454,2023DELG17,Daniel Enrique Martinez Delgado,1233
455,2023STRI06,Ryan Strickland,1233
456,2018LANC03,August Lancaster,1232
457,2019HENS03,Aaron Hensler,1232
458,2019SAVA02,Arjun Savanur,1231
459,2023CHAM04,Knox Chambers,1231
460,2022ARMA03,Tobiah Armada,1231
461,2019LUOY09,Yiran Luo (罗以然),1229
462,2022WOOS02,Samuel Woo,1228
463,2023KENN27,Luke Kennedy,1228
464,2016GOTT01,Benjamin Gottschalk,1227
465,2024DONG05,Chloe Dong,1225
466,2022MCWH01,Jarrett McWhirt,1223
467,2018LOPE20,Miguel Lopez-Lopez,1223
468,2022CROO02,Oliver Crook,1223
469,2023LAMR03,Rebecca Lam,1221
470,2024MATT03,Israel Jennings Mattox,1221
471,2023SCHM04,Willem A. Schmidt,1220
472,2020MAHO01,Andrew Mahovich,1220
473,2023HISE01,Andrew Hisey,1215
474,2023CART09,Brandon Carter,1213
475,2023BADA03,Ilyah Badalbayev,1213
476,2023FRAN01,Micah Franco,1212
477,2019HEND06,Easton Alexander Henderson,1212
478,2017SZYD01,Tyler Szydlo,1211
479,2022STOI05,Paul Stoici,1210
480,2022LEAD01,Bernard Leader,1210
481,2023BELL24,Makenna Bell,1210
482,2017PURD01,Nick Purdy,1209
483,2023WANK02,Kevin Wang,1209
484,2008VELA01,Nakai Velasquez,1206
485,2019HEWI02,Isaac Hewitt,1205
486,2019DABU03,Luke Dabu,1204
487,2022MICH06,Jonathan Michadick,1204
488,2018LEFE02,Xander Lefebvre,1203
489,2022TUCK01,Robert Amos Tucker,1203
490,2020BETT01,Jacob Bettinger,1200
491,2022MULL03,Harrison Mullins,1199
492,2017GREG02,Matthew Gregoire,1198
493,2022BENN15,Jackson Xander Bennett,1198
494,2023GAGN01,Nathaniel Gagnon,1198
495,2019FAVR01,Raoul Favret,1197
496,2022QUAD01,Carson Quadri,1197
497,2023CHIN15,Anvesh Reddy Chinnapu,1197
498,2022KIGH01,Matthew A. Kight,1197
499,2018DIXO01,Emma Dixon,1197
500,2024PERR01,Pearce Perry,1197
501,2017CHAP05,Luke Chapman,1196
502,2016HALL07,Davy Hallihan,1195
503,2019HOIN01,Preston Hoing,1195
504,2015POWE03,Parker Powell,1194
505,2023SACH03,Nathan Sachleben,1194
506,2023KOLI02,Satya Sudhai Kolipaka,1193
507,2016JETP01,Samuel Moses Jetpole,1191
508,2022SPIT04,David Spitzer,1191
509,2019SELF02,David Self,1190
510,2022MEYE01,Lucas Meyer,1190
511,2019WALS05,Patrick Walsh,1189
512,2023JENS05,Owen K. Jensen,1189
513,2017HIGH01,Jaedon Hight,1189
514,2010WUIF01,Yi-Fan Wu (吳亦凡),1186
515,2018WART01,Shaunak Warty,1186
516,2014HALL02,Zachary Hall,1185
517,2015TALB01,Seth Talbot,1184
518,2019LENG01,Alex Lengacher,1183
519,2019GUXI01,Xiyao Gu,1183
520,2023CHEN48,Daniel Cheng,1183
521,2022RODR54,Elliana Rodriguez-Mallory,1183
522,2023BOWS01,Jade Bowser,1182
523,2024JACK05,Roan Jackson,1182
524,2023WRIG16,Auggie Wright,1181
525,2024YARR01,Avanish Yarramsetty,1181
526,2023ESTE01,William James Estevez,1180
527,2017ORTI08,Ethan Ortiz,1176
528,2023POOI01,Grant Daniel Po’oi,1176
529,2024HEAT01,Joshua Heaton,1176
530,2024JOHN07,Bryan Alonzo Johnson,1174
531,2023PUJA02,Vishruth Sai Pujari,1174
532,2024GALL24,Carlos Galloni,1174
533,2024SHET06,Logan Shettle,1173
534,2015MAPP01,Bobby Mapp,1173
535,2023RASC01,Tyler Raschke,1173
536,2022DERO01,Ella Deroy,1173
537,2016CLIP01,Andrew Clippinger,1173
538,2023JONE15,Killian Jones,1172
539,2022BELL01,Josiah Bell,1171
540,2022CRAN02,Ezra Crane,1171
541,2023SCUL02,Wyatt Scull,1171
542,2018HODG03,Kevin M. Hodge,1171
543,2016WHIT11,George Whittington,1170
544,2019REIC01,Avi Reich,1170
545,2020CARR03,McKinley Carr,1170
546,2023GONZ44,Javier Gonzalez,1169
547,2022AIKE01,Brody Aiken,1169
548,2023GALL29,Shook Anderson Gallagher,1168
549,2016PROI01,Aidan Proietto,1167
550,2005DAYN01,Nathaniel Day,1167
551,2023CHON09,Noah Chon,1165
552,2003HARD01,Chris Hardwick,1164
553,2023VANU02,Andy Vanunu,1164
554,2022KUAD01,Mikael Kuada,1164
555,2022YOUN08,Isabella Young,1163
556,2022GAUT07,Smitty Gauthier,1162
557,2023GLAS03,Brodie Glass,1162
558,2022MCCA05,Bryce McCarter,1161
559,2019CRIP01,Jordan Crippa,1161
560,2023KHOC01,Chloe Kay Kho,1160
561,2023MEND63,Giancarlo Mendez,1159
562,2022DOUC02,Hansen Joe Doucette,1158
563,2023LUOE02,Eddie Luo,1158
564,2022HATC02,James Hatch,1157
565,2024FIGU07,Luis Figueroa,1155
566,2019TOWN02,Braxton Bryan Townsend,1155
567,2022MARC22,Nathan Marchick,1154
568,2023HINE03,Blake Hines,1154
569,2023LALA02,Saif Ali Saleh Lalani,1154
570,2022DOAN02,Elijah Doane,1153
571,2022GILD01,Owen Gilder,1153
572,2022OLIN01,Jacob Olinger,1150
573,2022STRO07,Cody Strother,1150
574,2022JOHN23,Rihan John,1149
575,2018SHEA02,Santiago Shea,1149
576,2022LIUA05,Andy Liu,1149
577,2018SHOR01,Dixon Short,1148
578,2023GOVA02,Sarvesh Krishnaa Govardhanan Kiruthica,1148
579,2018RODR22,Matthew Rodriguez,1148
580,2018VAND08,William Vandergrift,1147
581,2022DAMA01,Lance Damato,1147
582,2021LAUE02,John F. Lauer,1147
583,2017OUJU01,Junyan Ou,1147
584,2024HEAT02,Mason Heath,1147
585,2023ABUE01,Khalid Abuelhaija,1147
586,2023GALV05,Nicolas Galvis,1146
587,2018SIMP02,Clayton Joshua Simpson,1144
588,2022TICK01,Pierce Tickle,1144
589,2023CRUS01,Rowan Naylor Cruse,1142
590,2023BOYE05,Joseph Boyer,1142
591,2017MILL13,Lucas Miller,1142
592,2022PORT09,Cameron Porter,1142
593,2017BREE02,Ryan Michael Breen,1141
594,2023ARIF04,Shafin Arif,1141
595,2017MAGU05,Jack Maguire,1141
596,2016PARE03,Noah Paredes,1140
597,2024TAJA01,Jayden Nguyen Ta,1140
598,2014YANG37,Alvin Yang,1139
599,2018RIVE07,Adrian Rivera-Leon,1139
600,2024COUR02,Austin Coursey,1137
601,2023LEEA01,Andrew C. Lee,1137
602,2022OLSH01,Ben Olshansky,1136
603,2024NDOJ01,Alexander Ndoja,1135
604,2023JONS05,Avery Jonsson,1135
605,2022GREE08,Ethan Norman Greenberg,1134
606,2022MEEK01,Thomas Meeks,1134
607,2023GOPE01,Elijah Gopez,1134
608,2018LEIH01,Haochen Lei (雷昊晨),1134
609,2022HARP02,Nylan Harper,1132
610,2022PATI09,Sumedh Patil,1130
611,2017MART29,Ricky Martin,1130
612,2022BAKE01,Matthew Baker,1130
613,2023CLAW01,Jace Clawson,1129
614,2022DIEG02,Dante Dieguez,1128
615,2016KELL12,Simon Kellum,1128
616,2023ELLI12,Elijah Elliot,1128
617,2019TEAG01,Philip Teague,1127
618,2023ALFO05,Weston Alford,1126
619,2022PARP01,Ali Jawad Parpia,1125
620,2020TAYL01,Zach Taylor,1125
621,2016YADA04,Aarav Yadav,1124
622,2019STEW03,Eli Stewart,1123
623,2022RICE04,Daniel I. Rice,1122
624,2022LANH02,Oscar Lanham,1122
625,2023BURK14,Elaine Burkert,1122
626,2022BYUN01,Aiden Byun,1122
627,2022PARK14,Caden Parker,1121
628,2018SMIT39,Declan Smith,1118
629,2023DRES04,Christian Jr. Dresdner,1118
630,2016ODON02,Hudson O'Donnell,1118
631,2022BROC05,Harrison Brock,1118
632,2023PINZ01,Joel Pinzur,1118
633,2022LANK02,Daniel Lankin,1117
634,2019FARN01,Isaac M. Farnsworth,1116
635,2023SCHE07,Conrad Scheepers,1116
636,2023BROD06,Carlos Broderick,1115
637,2017PETI02,Rachel Petitt,1114
638,2023PATT10,Liam Patterson,1114
639,2023THOM43,Henry Thomson,1113
640,2014HOLL01,Matthew Hollinger,1112
641,2023PAGE01,Owen Page,1112
642,2022RAJR01,Rohan Raj,1110
643,2022WHIT17,Cody Alexander White,1110
644,2024HICK04,Colton Hicks,1109
645,2017GETT01,Roger Getts,1108
646,2024BOCA01,Emanuel David Rojas Bocaul,1107
647,2023BEAC01,Jackson Beach,1107
648,2022ROUN01,Kendall Rounbehler,1106
649,2024HITC01,James Hitch,1106
650,2023BELT04,Sebastian Bruno Beltran,1106
651,2023SEUF02,Ellis Christopher Seufer,1106
652,2019WATS06,Bradlee Watson,1106
653,2022GIRO03,Aidan Giron,1105
654,2019FILL01,Jack Fillenwarth,1105
655,2024BEWL01,Evan Bewley,1104
656,2023HALL07,Max Haller,1104
657,2023PREM01,Anish Premnath,1104
658,2023KENS02,Bryn Kensmoe,1104
659,2024YANG05,Stephen Yang,1103
660,2019HUMP02,Aaryn Humphrey,1103
661,2023HANS07,Jett Hansen,1101
662,2022ALVA18,Richard Alvarez,1101
663,2023THAN10,Reyan Thangaraj,1101
664,2022MOOR07,Christian Shane Moore,1100
665,2019SMIT13,John Daniel Smith,1098
666,2022BAGL01,Joe Bagley,1097
667,2021KIMI01,Ian Kim,1096
668,2022WANG07,Zhongwen Jason Wang,1096
669,2012PONC02,Patrick Ponce,1094
670,2021MCLE03,Jackson McLean,1092
671,2016SONG15,Brian Song,1092
672,2023VOLE01,Karthikeya Volety,1091
673,2022PAKC01,Chase Pak,1091
674,2023BALZ01,Mira Balzano,1089
675,2015SHEA02,Redding Shealy,1089
676,2023GRAY17,Rowan Gray,1088
677,2023WEAT02,Fox Weatherman,1088
678,2023BARR15,Daniel Barroso,1088
679,2023COHE06,Ethan Cohen,1087
680,2018LEEJ01,Joseph Lee,1087
681,2024MCSW01,Gavin Richard McSwain,1087
682,2023GILB09,Daniel Gilbert,1087
683,2022HAMM03,Necolos Hammond,1086
684,2023ROSS08,Michael Ross,1086
685,2024WILS04,Coby Wilson,1086
686,2023POKO01,Mateo Pokorny,1086
687,2024WILS05,Charlie Wilson,1086
688,2022BHAG04,Akshath Nandan Bhagi,1086
689,2024SMIT38,Benjamin Smith,1085
690,2022CHAK01,Soumik Chakraborty,1085
691,2023CURR02,Xander Curry,1084
692,2023HARP06,Maxwell Harper,1084
693,2019ONEI02,Liam O'Neill,1083
694,2023MORR26,Quinn Morrison,1083
695,2023WILL04,Mason Williams,1083
696,2022ZALA02,Charles Zalamea,1083
697,2023MOSI01,Landon Mosier,1083
698,2023GAND12,Ansh Gandhi,1082
699,2022SAMK01,Emilian Samkovich,1082
700,2023SHEL04,Timothy Shellenberger,1082
701,2022BOLA06,William Patrick Boland,1082
702,2022COLE05,Jonathan Coleman,1082
703,2024BAEI01,Ian Bae,1082
704,2023MCPH01,Liam McPherson,1081
705,2015JEHL01,Michael Jehl,1080
706,2023ENGE05,Gunner Engelsman,1080
707,2024STON03,Blake Stone,1079
708,2021LOUN01,Matthew Lounsbery,1079
709,2023BAKE06,Liam Baker,1079
710,2019CHOC01,Parker Chocheles,1078
711,2023BROD02,Mario Broderick,1078
712,2023GLOV03,Charlotte Glover,1076
713,2014SHIE03,Cady Shields,1076
714,2023WEST13,Graham Westerfield,1076
715,2023BELL28,Ezra Bell,1075
716,2015PADG01,Dalton Padgett,1075
717,2017MCWI01,John McWilliams,1074
718,2018MURR01,Aidan Murray,1074
719,2023BROW01,Tommy Brown,1073
720,2023WOOD33,Stacey Woodruff,1073
721,2022BAIE02,Karl Baier,1073
722,2023ALIM02,Timur Alimbekov,1073
723,2022STAL01,Anders Stalcup,1072
724,2022SAXE01,Ayaan Saxena,1072
725,2023PERR15,Fletcher Perry,1072
726,2022ADUE01,Austin Adueni,1071
727,2022KEUN02,Ethan Keung,1071
728,2023CHRI27,Hendry Christie,1071
729,2018SICH02,Sungananji Joshua Sichizya,1071
730,2023NELS17,Kaden Nelson,1070
731,2022SIMO01,David Simon,1070
732,2020PASU01,Anish Ram Pasumarthi,1070
733,2022LITT05,Aaron Little,1069
734,2023JUNG01,Christian Jung,1068
735,2023VINC01,Maximus Vincent,1068
736,2022GALP01,Chase Galpin,1068
737,2023WHIT33,Silas White,1068
738,2023LENS01,Clark T. Lenstrom,1068
739,2022FAGA01,Paul Fagans,1068
740,2022LOWE01,Ryland A. Lowery,1067
741,2019YANH09,Hillary Yang,1067
742,2023SMIT89,Baron Fire Smith,1065
743,2024JEON04,Sieon Jeong,1065
744,2023SRIV06,Vishnu Srivaths,1065
745,2016SEKE01,Neil Sekerak,1065
746,2021LEEA01,Andrew Charles Lee,1064
747,2022COLG01,Jacob Colgan,1064
748,2019SASI02,Jacob Sasine,1063
749,2023WEIN01,Oliver Weinstein,1063
750,2014COWL01,Ethan Cowlbeck,1063
751,2015LANE01,Phillip Lane,1062
752,2019KISE05,Nathan Kiser,1062
753,2023VASI08,Anton Vasiutyk,1062
754,2019PAMU02,Vishal Choudary Pamulapati,1062
755,2022LAMC02,Nathan Lamchamkee,1062
756,2022KOYA01,Taisei Koyama,1062
757,2022LIST02,Andrew Lister,1061
758,2021GOLD01,Alexander Gold,1060
759,2023STAR07,Scott Kevin Starr,1060
760,2022RAME02,Shenghan Carson Ramey-Rodgers,1060
761,2022CLYD01,Khyler Clyde,1060
762,2016MCGA01,Robin McGaha,1060
763,2018BROW17,Jonah Brown,1060
764,2022SHIR03,Simon Shirokov,1060
765,2023EAGA01,Sumeet Eaga,1057
766,2016CLAR01,Maggie Clark,1057
767,2018BISC01,David Biscoglia,1056
768,2023LING02,Logan Lingasamy,1056
769,2023TRAN14,Kevin Tan Tran,1056
770,2023SHIN22,Nelson Shi,1055
771,2019BARR12,Emily R. Barron,1054
772,2024RAMK01,Kedarnath Ramkumar,1054
773,2018HEDR01,Drew Hedrick,1054
774,2024SOWB01,Ellis Craig Sowby,1053
775,2022YANG29,Jonah Yang,1053
776,2023SEOH01,Hajun Seo,1053
777,2017GIES01,Zachary Giesken,1053
778,2023KORV01,Knox Korver,1052
779,2022CAPO01,Ethan Capote,1052
780,2018SMIT40,Nathan Smith,1052
781,2022METC01,Gabriel Metcalf,1052
782,2022WEAT01,Luke Weatherly,1052
783,2023HART11,Seth Hart,1051
784,2022LANI03,Matthew Lanier,1051
785,2022HAUS01,Seth Hauser,1051
786,2022PARK02,Jacob Parker,1050
787,2022KASP03,Jan Jędrzej Kasprzak,1050
788,2023GRAY13,Jaxon Pierce Gray,1048
789,2023SMIT34,Easton Joseph Smith,1048
790,2014DETU01,Eddy Deturche,1048
791,2023MARC13,Beckett Marcus,1048
792,2023SHIV01,Gray M. Shively,1047
793,2016HINK01,Katelyn Hinkley,1047
794,2022PARK15,Andrew S. M. Park,1046
795,2022SOLO02,Aiden Solomon,1046
796,2023FAGE02,Peter Fagerburg,1046
797,2017HERR05,Jhonathan Herrera,1045
798,2022PAPP01,Maxwell Pappas,1045
799,2024KALL01,Liam Kallmes,1045
800,2023LUZA01,Gabriel Luza,1044
801,2014POWE01,Bowen Powers,1043
802,2016MARG01,Michael Margate,1043
803,2023SHIN05,Harrison Shin,1042
804,2018THOM37,Will Thompson,1042
805,2023SAMP10,Chirag Sampat,1042
806,2023SARE02,Brandon Sareh,1041
807,2023CHAU25,Vihaan K. Chaudhary,1041
808,2024KRIS08,Nithin Krishna,1041
809,2021MCLE04,Thomas McLean,1041
810,2022CARR04,George Carroll,1040
811,2022COLE10,Hunter Coleman,1040
812,2022LIAN08,Samuel Liang,1038
813,2023GAOE02,Edwin Yitian Gao,1038
814,2022XUBR01,Bryan Xu,1038
815,2023KONA01,Joseph George Konathapally,1038
816,2024BEAS02,Alexander Beason,1037
817,2023MEJI04,Emerson Mejia,1037
818,2021RUNH01,Jesper Runheim,1037
819,2017SHID01,John Shidemantle,1037
820,2022ALVE04,Zach Alves,1035
821,2024CHER02,Jack Cherry,1035
822,2022PRES08,Harvey Presnell,1034
823,2022PARE06,Benjamin Pareja-Hooker,1033
824,2016ARMS04,David Armstrong,1033
825,2023PIED03,Xavier Piedra,1033
826,2024JOHN24,Shane Johnson,1032
827,2022BROW23,Carson Brown,1032
828,2012LEWI01,Phillip Lewicki,1031
829,2016HIBL01,Peter Hibl,1031
830,2024JAOA01,Aris Jao,1030
831,2024HASS03,Jackson Hassenzahl,1030
832,2022HAMB01,Ethan Manuel Hamby,1029
833,2017BRYA06,Aedan Bryant,1029
834,2022MILL17,Joshua Miller,1029
835,2023HEYM01,David A. Heyman,1029
836,2017ZHUZ04,Zhouyao Zhu (朱洲瑶),1028
837,2023MARS15,Dillon Marshall,1028
838,2020AIEL01,Isaac Aiello,1028
839,2023GAOA01,Alan Gao,1027
840,2022GRUB01,Eli Raymond Gruber,1026
841,2022HARR19,Kohlton Harrelson,1026
842,2022DOSI01,Chensley Dosio,1025
843,2024MORA19,Christopher Morales,1025
844,2022CHHE01,Neveel Chheda,1025
845,2021GALL03,Matthew P. Galloway,1025
846,2022MCKE10,Nathan McKenzie,1024
847,2022DIMA01,Mason DiMaulo,1024
848,2022ZENK01,Jefferson Zenk,1024
849,2023YUND02,Daniel Yun,1023
850,2022MATT15,Devyn Mattingly,1023
851,2023BECK11,Julian Becka,1022
852,2022JOHN44,Caleb Johnson,1022
853,2023GUIR01,Ethan Matthew Guirgis,1021
854,2014ROBI01,Reed Robinson,1021
855,2022CIOL02,Romeo Ciolino,1020
856,2022BOLT02,Brogan Bolthouse,1020
857,2022BLOC03,Theodor Stradioto Blocksom,1020
858,2021POMA01,Elijah Poma,1019
859,2022FRAN03,Ryan Frankel,1019
860,2022KORO01,Leo Korobka,1019
861,2023ARKL01,Alexander Arkley,1018
862,2022PANK03,Hugo Pankoff,1016
863,2015RHOD02,Landon Rhodes,1016
864,2021HARA01,Kai Harada (原田櫂),1016
865,2023VALE01,Gabriel Valenzuela,1016
866,2013CONA01,Michael Conard,1015
867,2022JRCH01,Charles Russell Jr.,1015
868,2022CALD11,William Caldwell,1014
869,2023ANDE18,Rucker Anderson,1014
870,2022CAYW01,Cody Caywood,1014
871,2022THOM02,Joshua Thoma,1013
872,2023ZAYD01,Nicholas Zayd,1013
873,2019GARD02,Rodney Gardner,1013
874,2023ABRA03,Jaziel Abrams,1013
875,2022PRIC03,Spencer Price,1013
876,2023FERG04,Durayce Ferguson,1012
877,2022POLI01,Daniel Polikanov,1012
878,2023HOLL09,Nate Holladay,1011
879,2022ROGE06,Weston Rogers,1011
880,2024DORE01,Mikhail Dorelus,1011
881,2022LAND04,Andrew Landreth,1010
882,2024WALK03,Colin Walker,1010
883,2023WILS43,Layten Wilson,1010
884,2022VARN01,James Varner,1010
885,2018TUSI01,Nolan Tusing,1009
886,2023BATT11,Ronnie Batterson,1009
887,2022ARDY01,Ghibran A. Ardyatma,1009
888,2024KORT01,Cooper Korthuis,1009
889,2022WIEN01,Jordan Kyle Wiens,1008
890,2024LOIK01,Nick Loik,1008
891,2021RUDI01,Sawyer Rudisill,1007
892,2022WEAV02,Logan Weaver,1007
893,2023RAND01,George A. Randall,1006
894,2022PIPE02,Aidan Piper,1006
895,2022GOOD01,Josiah Goodman,1006
896,2023BUKH01,Nikita Bukhanistyi,1006
897,2023EKBU01,Shepherd Ekbundit,1005
898,2018HUAN21,Stephen Huan,1005
899,2023AYRE02,Porter Ayres,1005
900,2023RIDE03,Jason Rex Ridenour,1004
901,2022NERA01,Srikruthi Neralla,1003
902,2023WORD01,Logan Word,1003
903,2022LYON01,Amos Lyons,1003
904,2023CORR07,Julian Correa,1003
905,2019BROW11,Darien Brown,1002
906,2022SHOR01,Evan Short,1002
907,2022TRAN02,Long Tran,1001
908,2021GOOD04,Christian Gooding,1001
909,2023ARTH03,Evan Arthur,1000
910,2015FERA01,Rachel Feran,1000
911,2023SAND32,Enoch Sanders,1000
912,2023SHAH02,Raayan Shah,1000
913,2022PARK50,James Thad Parks,999
914,2022PHIR01,Jaden Phiri,999
915,2022LEEJ26,Jonathan Lee,999
916,2023JONE47,Noah Jones,998
917,2022LICO01,Cory Li,998
918,2022KIMT06,Tae Yoon Kim,998
919,2022BROW04,Ian Brown,998
920,2024MEND19,Xavier Mendoza,996
921,2023MAZE01,Miles Mazer,996
922,2023HOLL11,Nolen Holladay,996
923,2023WHIN01,Eden Whing,995
924,2024LEED04,Daniel Yejun Lee,994
925,2022YOWC01,Chase Ambrose Yow,994
926,2024BENN02,Jack Bennett,994
927,2022STEP03,Timothy Stepanus,994
928,2023WINS01,Christian Winston,994
929,2024TOLE03,Liam Jerremy Tolentino,994
930,2023ZANK01,Roland Zank,994
931,2021CHER06,Vihaan Cherukuri,993
932,2022SHEP01,Eric Sheppard,993
933,2022BETT02,Andrew Betton,993
934,2017DAVI28,Tyler Davis,992
935,2022KELL08,James Shay Kelly,992
936,2024RADF02,Dorian Radford,992
937,2019SAND04,Jared Sandfoss,992
938,2023GAST02,Isaac Gaston,991
939,2023BOWE10,Isaac Bowers,990
940,2022SCHE10,Jarrett Scheid,990
941,2023EARA01,Alexus Ear,990
942,2021BOTY01,Jake Christian Botyos,990
943,2023KOVA04,Zsombor Kovács,990
944,2023COOP01,Samuel Cooper,989
945,2024WOOD08,Eric Woodrum,989
946,2023BISH12,Christian Bishop,989
947,2017GOVE02,David Govea,988
948,2023WUET02,Ethan Wu,988
949,2022GOME08,Adriel Gomez,988
950,2023GANE05,Shaashwat Ganesh,987
951,2022HALE10,Tristan Hale,987
952,2023TRAU03,Henry Traut,987
953,2024NIEH01,Christian Niehaus,985
954,2017PEAR01,Luke Pearson,985
955,2023RONA01,Cormac Ronan,985
956,2023KLIN04,Alexander Rocky Klingberg,983
957,2013KATO01,Eva Kato (加藤映葉),983
958,2023MESS01,Julian Malcolm Messamore,983
959,2023TALW01,Shiv Talwar,982
960,2014GRIG01,Stephen Griggs,982
961,2023GOVI02,Daksh Akula Govind,982
962,2022SNID01,Kenan Snider,982
963,2023NAVA01,Isaac Navarro,981
964,2022ELLS01,Evan Ellsworth,981
965,2022NICK03,Mathias Nickoson,981
966,2023GUIR04,Alexander Guirgues,981
967,2018SIMP05,Elijah Simpson,980
968,2018SHAW06,Harry Shaw,980
969,2023LIRI01,Max Lirio,980
970,2022SHAH06,Samarth Shah,980
971,2022TOBI02,Jared Tobin,980
972,2024COUR01,Elijah Courtright,980
973,2023DELK01,Jaxon Delk,979
974,2023POWE01,Josh Powell,979
975,2022YANG28,Joel Yang,979
976,2022LIJO04,Joseph Li,979
977,2023LOPE67,Emmanuel Lopez,979
978,2023KIDD01,Coleman Kidd,979
979,2018PRIN01,Benjamin Prindle,978
980,2024TRAC01,Trystan Tracy,978
981,2022SNIP01,Eli D. Snipes,978
982,2017PALI05,Aryan Paliwal,978
983,2022PARI01,Prateek Paul Pariserla,978
984,2024MCLE03,Eryn McLeod,977
985,2023FAIR01,Ethan Fair,977
986,2022STIC01,Izaac Stich,977
987,2023CUNN02,Kisely J. Cunningham,977
988,2022BURE03,Ryan Buretz,977
989,2023MURP04,Brayden Murphy,976
990,2022YING01,Jacob Ying,976
991,2018SHUM04,Coco Shum,976
992,2018PERK01,Elliott Perkins,976
993,2021HATF01,Patrick Hatfield,975
994,2023POWE03,Easton Powers,975
995,2023GAND13,Geronimo Andres Gando,974
996,2022BECK07,Garrett Michael Becker,974
997,2022SHEN02,Daniel Shen,973
998,2022TSAV01,Joshua Christian Tsavaris,973
999,2019JOHN03,Roxana Johnson,972
1000,2023HOLI01,Elijah Holihen,972
1001,2024KANN05,Rishi Kannan,972
1002,2019WAWR01,Igor Wojciech Wawrzynski,971
1003,2024HUAN15,Cameron Huang,971
1004,2024GOOD02,Nicolas Goodwin,970
1005,2021MCIN02,Matthew T. McIntire,970
1006,2019POTT03,James Wyatt Potts,970
1007,2023LEIN01,Alan Stevenson Leinecker,970
1008,2019GARN03,Timothy J. Garnto,969
1009,2023KUMA18,Nithin Kumar,969
1010,2023BUTL11,Gace Lawrence Butler,968
1011,2023WHEE08,Houston Wheeler,968
1012,2022JOHN22,Rian John,968
1013,2022NEID03,William Neidecker-Gonzales,968
1014,2017MINT01,Gabriel Mintz,968
1015,2022BULL01,Cooper Bullinger,968
1016,2024MONC05,Andres Moncada,967
1017,2023CACC01,Ryan Caccavella,967
1018,2023LUND02,Kade Michael Lundell,966
1019,2022KING04,Kosi Kingwood,966
1020,2023ANDE47,Collier Anderson,966
1021,2022NEWL01,Daniel H. Newland,965
1022,2016CARL08,Hunter Carles,965
1023,2023ZULU04,Mikael Zulueta,965
1024,2022GUTJ01,Jaida Gut,965
1025,2023GARC51,Joshua Garcia,964
1026,2022VELE01,Liam Velez,964
1027,2023WHIT01,Gordon Thomas White III,964
1028,2022JACK12,Sawyer Jackson,963
1029,2022WENS01,Charlie Wensink,962
1030,2023KLEI15,Alexander Kleinberg,962
1031,2023FENS01,Jacob Fensler,962
1032,2023HAYS01,Samuel Hays,962
1033,2023HOLL19,Jackson Hollander,961
1034,2018TUMY01,Peyton Tumy,961
1035,2022SHOW01,Gavin Showers,961
1036,2024PETR07,Guglielmo Petrella,960
1037,2022BART10,Carter Bartley,960
1038,2019ASHO02,Varun Ashok,960
1039,2022COLL17,Alex Collins,960
1040,2019PERD01,Logan Perdue,959
1041,2024BAND07,Sushlok Banda,959
1042,2022GREG06,Nathan Gregory,959
1043,2023VERN05,Alex Vernon,959
1044,2023NEWE02,Kendall Newell,959
1045,2023SMIT30,Zachariah Smith,959
1046,2024WALT02,Brayden Walters,957
1047,2019ZAVA02,Kathryn Zavadil,957
1048,2019JOHN19,Austin Johnson,957
1049,2024JOIN01,Priya Joiner,957
1050,2022BROU02,Mason Broughton,956
1051,2023PLUM02,Jedd Plummer,956
1052,2024STAN01,Acy Stanley,956
1053,2022HEND02,Beckham Henderson,956
1054,2023LINW01,William Lin,955
1055,2022CAST02,Lucas Castelein,955
1056,2016LANA01,James Lanagan,955
1057,2021JOHN08,Brady Johnson,955
1058,2021LESL01,Elijah Leslie,955
1059,2007CHAN04,Simon Chanin,954
1060,2024WILS01,Tucker Wilson,954
1061,2022AHMI01,Mohamed Ahmidouch,952
1062,2022BRYS03,Edward Bryson,952
1063,2017SURE01,Siddharth Suresh,952
1064,2022DOBS01,William Dobs,952
1065,2019LAGI01,Andrew Lagina,952
1066,2017WADE02,John Stuart Wade,952
1067,2023ARYA05,Kevin Arya,952
1068,2020CART05,Micah Carter,951
1069,2023SNOW01,Evan Snow,951
1070,2019WOOD13,Bobby Woodruff,951
1071,2024SCHU08,Oliver Schultz,951
1072,2022TRIN09,Lars Trinks,950
1073,2023IYER05,Rahul Iyer,950
1074,2015KRZY01,Cody Krzyzaniak,949
1075,2023YELL01,Sagar Yellamraju,948
1076,2022MANE01,Adam Manejwala,947
1077,2023DONN04,Christopher Maddox Donnelly,947
1078,2022CROR01,Anderson Crory,947
1079,2022PORT02,Topher Porter,947
1080,2022LEEL01,Liam Lee,946
1081,2021NALA01,Geeth Nalam,945
1082,2022SWET01,Jae Swett,945
1083,2023SPAN01,William Spansel,944
1084,2022LIEN01,Kaz Lien,944
1085,2022SEIB01,Jazmine Seiber,944
1086,2019AIKE01,Keagan Aiken,943
1087,2022SCHL07,Gabriel Schlott,943
1088,2022XIAB01,Benjamin Xia,943
1089,2019MARC08,Peyton Marcotte,943
1090,2022STAN03,Joshua Stanley,942
1091,2022LEAR01,Mark Leara,942
1092,2022MART05,Felipe Maldonado Martinez,942
1093,2022CART08,Jeremiah A. Carter,942
1094,2023MAST03,Joshua Mast,942
1095,2023BANG01,Patrick Bang,941
1096,2016GUNN01,Peyton Gunn,941
1097,2022DUBN01,Presley Dubnicka,941
1098,2023WOOD25,Wyatt Wood,941
1099,2023JENK01,Ben Jenkins,940
1100,2023LATI01,Shafin Latif,940
1101,2022CROW02,Carter Crowson,939
1102,2022VALD04,Benjamin Valdivieso,939
1103,2023FRIE01,Zachary Frieden,939
1104,2021LAUE04,Mary Lauer,938
1105,2024PRIT01,Harrison Pritchett,938
1106,2018TUTT01,Landon Tuttle,938
1107,2020SAUN01,Andrew Saunders,938
1108,2021HUTT01,Heath Hutto,937
1109,2023MEHE02,Rihaan Meher,937
1110,2022INSE01,James Insetta,937
1111,2023OSLO01,Hudson Oslowski,937
1112,2022JHAN01,Riishab Jhanb,937
1113,2015GOSL01,Cari Goslow,936
1114,2023CHEE01,Carter Cheek,935
1115,2023BOND05,Jonathan Bond,934
1116,2024KELL15,Benjamin Keller,934
1117,2015HARR03,Chad Harris,934
1118,2022RHOD01,Raleigh E. Rhoden,933
1119,2019THOM37,Braden Michael Thomas,933
1120,2022MCCU02,Memphis McCullough,933
1121,2023MCNA01,Logan B. McNamee,933
1122,2023YANG15,Jayden Yang,933
1123,2021PATE02,Jainil Ghanshyam Patel,932
1124,2023TABA09,Aiden Tabaniag,932
1125,2024WARR02,Dominick Warren,932
1126,2023DOUG01,Carter Samuel Douglas,932
1127,2024SPEE01,Hudson Speece,932
1128,2022VIGN03,Monessh Vigneshwaran,932
1129,2023VILL37,Logan Villareal,931
1130,2023WILS18,Julius Achilles Wilson,931
1131,2023MART50,Titus Martin,931
1132,2024BIXB01,Adam Bixby,930
1133,2022MOUM01,Ahmed Moumina,930
1134,2023NAVI01,Juan Navia,930
1135,2022BURK06,Jalen Burke,929
1136,2023CART12,William Carter,929
1137,2022LEEN04,Noah Lee,928
1138,2022DOAN10,Jason Doane,928
1139,2023AHME13,Amir Ahmed,928
1140,2022MONA02,Nolan Monari,928
1141,2019BENN07,Tyler Mathew Bennett,927
1142,2022WALL01,Oliver Wall,927
1143,2022HUDS03,Trennis Hudson,927
1144,2023MCDO02,Asa McDorman,927
1145,2021GUNN01,Bryant Gunnels,927
1146,2022MATT03,Abhiram Mattam,927
1147,2023CONS05,Luca Constantino,926
1148,2022RAMS02,Logan Ramsey,926
1149,2021URIC01,Vincent Lee Urick-Brokus,926
1150,2022FEUE01,Oscar Feuerlein,926
1151,2022PORT06,Ava Porterfield,925
1152,2022MARK02,Emerson James Markel,925
1153,2024DUVA01,Trooper Duval,925
1154,2023JEYA02,Kavin Jeyaraj,925
1155,2022GIBB03,Michael Gibbs,924
1156,2023CRAV03,Reid Craver,923
1157,2014SEAR01,Derek Sears,923
1158,2022HEAR01,William Hearn,923
1159,2022WIMB02,David Wimberg,923
1160,2022EVER02,Teddy Everhart,922
1161,2023GEEC01,Cody Gee,922
1162,2023MEND36,Jacob Mendez,922
1163,2024PALO02,Koa Palos,921
1164,2022ROBI13,Nathan Robinson,921
1165,2023WORT01,James Worthen,920
1166,2022HENN05,Caelen Phillip Hennessee,920
1167,2023HELL13,Ian Briceno Heller,920
1168,2024RUSS05,Zimri Russell,920
1169,2023OWEN01,Reece Owens,919
1170,2024PATE12,Aayush Patel,919
1171,2022WRIG04,Gavin Bacheller Wright,919
1172,2021PERR01,Asher Perry,919
1173,2023SUNK01,Eeshu Sunkireddy,919
1174,2022SALV03,Luigi Brina Salvanha,918
1175,2023EVAN10,Jayden Evans,918
1176,2023TARB01,Ross Tarbert,918
1177,2022LEEJ03,Jacob Lee,917
1178,2022CALD02,Roberto Calderon,917
1179,2024DUNC03,Christopher Duncan,917
1180,2022STOL01,Nicholas Stoll,917
1181,2023HIRS03,Aaron Hirsch,916
1182,2019CHOI05,Andrew Choi,916
1183,2022HOFF02,Nathan Hoffman,916
1184,2022AKUL01,Aditya Akula,915
1185,2023GUIF01,Christian Guifarro,915
1186,2023EGGL01,Jayson Eggleston,915
1187,2022OPPE01,Grayson Oppermann,915
1188,2023KADI01,Aarnav Kadian,914
1189,2023RETT02,Sebastian Rett,913
1190,2022HWAN03,Brandon Woohyuk Hwang,913
1191,2022REGI01,Tyler Register,912
1192,2023JORD01,Levi Jordan,912
1193,2023SHOR06,Brayden Short,912
1194,2022HUAN15,Mila Huang,912
1195,2023MART64,Aiden Martinez,912
1196,2023TUAN05,Levi Tuanama,911
1197,2022SHOW02,Lucas Showers,911
1198,2024FITZ02,Nicholas Fitzgerald,911
1199,2023PENT01,Gavin Penticuff,911
1200,2022MANN01,Sebastian Mann,911
1201,2023MAGE03,Daniel Magee,911
1202,2023GUIL10,Emmanuel Eli Irie Guilbert,910
1203,2022GUPT02,Anish Gupta,910
1204,2024DEMI02,Dominic DeMichele,909
1205,2023MCCR05,Garrett McCracken,908
1206,2023HINS02,Jezreel Hinson,908
1207,2023MCCR01,Caleb McCracken,908
1208,2023KHUR01,Soham Khurana,908
1209,2023SUND17,Pranav Sundaresan,908
1210,2022PFLU01,JJ Pflum,908
1211,2022REED05,Kieran Reed,908
1212,2024MULL07,Mason Mullins,908
1213,2023KIRB02,Crawford Kirby,908
1214,2022BRID01,Johnathan Eugene Bridgeman,907
1215,2022BURK03,Asher Burke,907
1216,2019SIMM01,Zach Simmons,907
1217,2023MCDO10,Benjamin McDonald,907
1218,2017SRIN04,Karthik Srinivasan,907
1219,2024DAVI23,Caleb Davis,906
1220,2021MEHA01,Julius Mehalek,906
1221,2022BERG04,Paul Bergson,906
1222,2018ANDR15,Galen Patrick Andreacchi,905
1223,2022JAME03,Taylor James,905
1224,2023OHRE01,Everett Ohrenschall,905
1225,2019FRAS03,Kaiden Fraser,905
1226,2021LATH01,Taylor Latham,905
1227,2022WILL20,Dillon Williams,905
1228,2024ROJA14,Mariana Peredo Rojas,905
1229,2023CHAK16,Kruthic Chandrasekar,904
1230,2023MEYE10,Jabez Meyer,904
1231,2023ZINN01,Bear Zinn,904
1232,2022COPE01,Oliver Copeland,904
1233,2022VILL01,Lalo Villodas,904
1234,2022HUAN14,Lily Huang,904
1235,2024CLAR06,Lucas Clark,904
1236,2023JACO06,Rohan Jacob,903
1237,2022PORR01,Bryce Porras,903
1238,2022CODI01,Saynt Codiz,903
1239,2022KAVA01,Karthik Sai Kavarthapu,902
1240,2022SARI02,Uday Sai Varma Sarikonda,902
1241,2023SIGM01,Jamison Sigmon,902
1242,2023MANL02,Eva Manley,901
1243,2022REVE01,Dustin Reveles,901
1244,2023SALC05,Martin Salcedo,901
1245,2023LAUR16,David B. Laurencio,901
1246,2024HOOP01,Jasper Hoopes,901
1247,2023VEGA14,Daniel Vega,901
1248,2019BROW19,Mike Brown,900
1249,2021GORM01,Luke Gorman,900
1250,2022SLAG01,AJ Slagell,899
1251,2023NORR01,Elijah Boone Norris,899
1252,2017SING36,Ekansh Singh,899
1253,2023NGUY59,Nhan Quang Nguyen,899
1254,2023KAPL04,Aaron Kaplan,899
1255,2019STOC03,Tighe Stocker,898
1256,2023PASA03,Sujan Maris Pasala,898
1257,2024MANC07,Christopher Mancilla,898
1258,2022ROME05,Marcus Romero,898
1259,2022ZHOU01,Brady Zhou,898
1260,2024LOPE29,Andres Lopez,898
1261,2022RIOS01,Jayven Rios,898
1262,2022DOAN01,Asher Doane,897
1263,2024PATT02,Luke Patterson,897
1264,2023MCEA01,Reid McEachin,896
1265,2023BART25,Braylen Barton,896
1266,2022ZIEG01,Joshua Ziegler,896
1267,2023SCHO24,Hudson Schot,895
1268,2023WILL55,Adam Williamson,895
1269,2023MUTO01,Jackson Muto,895
1270,2023FERN13,Ari Fernandez,895
1271,2022RODR25,Hannah Rodriguez,895
1272,2022DIXO01,Luke Dixon,895
1273,2024LOTT01,James Wesley Lott,895
1274,2022MALH07,Daiwik Malhotra,894
1275,2023HODG07,Ashley Hodges,894
1276,2024PARV01,Arav Parvate-Patil,893
1277,2023WILS01,David Wilson,893
1278,2021STRA03,Jonah Stradtner,893
1279,2024SOLI03,Daniel John Soliman,893
1280,2013LIPK01,Gus Lipkin,892
1281,2023MADI01,Cooper-Beckett Madison,892
1282,2021BURL02,Jonathan Burlacu,892
1283,2022KHUS03,Vihaan Khushalani,892
1284,2024SANA02,Giancarlo Sanabria,891
1285,2022KEOD01,Logan Keodara,891
1286,2024DUNC02,Conway Duncan,891
1287,2022PONR01,Nithil Ponraj,891
1288,2022MAND05,Advait Manda,891
1289,2022KHUS01,Eshan Khushalani,890
1290,2023TKAC01,Mark Tkach,890
1291,2022VENK02,Sriram Venkatesh,890
1292,2023KUEV01,Chance Kueven,890
1293,2023DURA07,Henry Martin DuRant,890
1294,2022HAMP01,Josiah Hampton,890
1295,2024KARP01,Jade Karpen,890
1296,2024OTTE01,Eduardo Hugo Otterburg,889
1297,2023GLAD02,Declan Gladwin,889
1298,2023GARR14,Isaiah Garrison,888
1299,2022SEIG01,Caleb Seigler,888
1300,2021MARK03,Michael Mark,888
1301,2022BARL06,Dukes Barlow,888
1302,2022HOFF01,Jayden Hoffman,888
1303,2018SHEA01,Connor Shea,887
1304,2023WITM01,Seth Witmer,887
1305,2023MATT06,Liam Matthes,887
1306,2021BAWL01,Ali M. Bawla,887
1307,2022MEIE03,Taylor Madison Meier,887
1308,2018SCOT04,Hollis Scott,886
1309,2024JIAN05,Joshua Jiang,886
1310,2021BYRN02,Ezekiel Byrnes,886
1311,2022CROS07,Theodore Cross,886
1312,2022DRAI01,Jad Draissi,886
1313,2023YIMJ02,Jisan Yim,886
1314,2023SMIT72,Ace Smith,886
1315,2024GONG04,Kevin Gong,885
1316,2018AREN03,Esteban Arenas,885
1317,2024RODA02,Eli Rodack,885
1318,2024SANT48,Cheyenne Santana,885
1319,2017BREU02,Cole Breuer,885
1320,2023BACA02,Thad Bacak,884
1321,2023JEYA03,Sarah Jeyaraj,884
1322,2024LEYV02,Blake Leyva,884
1323,2024HOTC01,Dominic Hotchner,884
1324,2023DIXO03,Brynn Dixon,884
1325,2023SUKE01,Sam Sukendro,883
1326,2022SERR01,Leo Serra,883
1327,2023MONE01,Dean Money,883
1328,2022FOXJ01,JR Fox,883
1329,2023LEIB03,Aiden Leibowitz,883
1330,2023JOSH01,Achal Joshi,883
1331,2023SMIT07,Ben Smith,882
1332,2013MART03,Chris Martin,882
1333,2021RUSI01,Jonah Andrew Rusiniak,882
1334,2022BUNN02,Zen Bunnell,881
1335,2023NARA03,Sanuth Rashmika Naranpanawe,881
1336,2023STEW01,Jacob Stewart,881
1337,2023CHAP16,David Chapman,881
1338,2023GOOD02,Samuel Goodberry,881
1339,2022ORIA01,Edson Orians,880
1340,2022PALM03,Ethan John Palmer,880
1341,2023DAVI53,Mason Jeffery Davis,880
1342,2022YUSU04,Sakinah Yusufali,880
1343,2022PARK05,Oliver Parker,880
1344,2023RIDD03,Watson Riddle,880
1345,2022DECK03,Cole Decker,879
1346,2019TIMB03,Sebastian S. Timbal,879
1347,2024GALL18,Michael Gallardo,879
1348,2024SMIT15,Lane Smith,879
1349,2024BUEN04,Carlos Andres Cerna Bueno,879
1350,2022GARC39,Walker Garcia,879
1351,2024SCHM08,Justus Schmidt,878
1352,2022SERE02,Ryan Torabi Sereshki,878
1353,2020DWOR01,Kacper Paweł Dworak,878
1354,2023HOLL27,Shumon Devanath Holland,878
1355,2023KING20,Finn Kingdollar,877
1356,2022MCCO02,Cullen McCoy,877
1357,2022MISA01,Oliver Misaras,877
1358,2021SCOT05,Nathan Scott,877
1359,2022PITT01,Paxton Pitts,877
1360,2019NALL01,Christopher Nalley,877
1361,2023STON05,Justin Stones,877
1362,2022KESA01,Jayan Kesavan,877
1363,2024KELL12,Will Kelly,877
1364,2014SANC27,Jorge Sanchez,876
1365,2024THOM02,Avery Thomas,876
1366,2022JRGL01,Glenn Koster Jr.,875
1367,2023SMIT08,Jay Smith,875
1368,2022FIGU02,Rio Eduardo Cleveland Figueira,875
1369,2023BROW21,Ambrose Brown,875
1370,2022CHAP03,Jackson Chapman,875
1371,2023NGUY54,Khang Nguyen,875
1372,2022MERC06,Landon Mercer,874
1373,2023MONE03,Max Money,874
1374,2023THOM36,Caleb Thomas,874
1375,2023MOOR05,Harrison Moore,874
1376,2023SPER04,Faun William Sperry-Prokopy,873
1377,2024COHN01,Brody Michael Cohn,873
1378,2023MCFA06,Jace McFarland,872
1379,2023RUIZ33,Jonathan G. Silverio Ruiz,872
1380,2015TREL02,Caleb Trelford,871
1381,2022LACK01,Holden Lack,871
1382,2023NGUY58,Ethan Pierce Nguyen,871
1383,2024KENN11,Stevie Kenney,870
1384,2022LOPE02,Randall Lopez,870
1385,2023WINF01,Gage Winfield,870
1386,2024MOUR01,Bilal Mourad,870
1387,2009NOOR01,Komron Noorbakhsh,870
1388,2022MORA06,Emanuel Morales,870
1389,2023LUOJ01,James Luo,870
1390,2023RAYN01,Nathaniel Ray,869
1391,2023NORW01,Samuel Norwine,869
1392,2022MCLE03,Hubert McLean,869
1393,2023GLAZ03,Nathaniel Kelly Glazner,869
1394,2023BERR02,David Berryman,869
1395,2023GAFF02,Arabella Elise Gaffud,869
1396,2023CARD13,Walter Cardwell,869
1397,2023NELS07,Beckett Nelson,869
1398,2023NARW01,Asa Narwold,869
1399,2019SNOW02,Samuel Snowden,868
1400,2024MAGU01,Ellie Maguire,868
1401,2023PREB01,Noah Preble,868
1402,2023GUTH01,Wesley Guthrie,868
1403,2022HOLL01,Cooper Blake Holley,868
1404,2021GILL04,Case Gillespie,868
1405,2022MULL16,Declan Finn Mulligan,867
1406,2023ZHAO02,Ethan Zhao,867
1407,2023WILL69,Grayson Williams,867
1408,2024CHEN06,Ethan Chen,867
1409,2023KEND01,Micah Kendall,866
1410,2020SNOW02,Nate Snowden,866
1411,2022SAGE02,Gordon Sage,866
1412,2023HUJA02,Jason Hu,866
1413,2023SEAL01,Grady Seal,866
1414,2022LINK02,Willow Linker,866
1415,2024HOMI01,Joey Homiller,865
1416,2023HARM04,Logan Harmon,865
1417,2023MAND17,Nihir Mandalika,865
1418,2023SARA08,Ajay Sarathy,864
1419,2021BRUC01,Myles Bruce,864
1420,2023JOSE17,Jaylen Joseph,864
1421,2023DERK02,Patrick Derk,864
1422,2023PIZA01,Samuel Pizarro,864
1423,2022FRAS02,Hudson Fraser,863
1424,2022OROZ01,Job Orozco,863
1425,2023SMIT78,Julian Smith,863
1426,2022ROSE21,Drew Rosenthal,863
1427,2023BONZ01,Grant Bonzo,863
1428,2024KEGG01,Caleb William Kegg,863
1429,2023CARL21,Jacob Vincent Carluccio,862
1430,2022WENN04,Logan Wenninger,861
1431,2022MASO05,Alexander Mason,861
1432,2024WALL05,Colin Wallace,861
1433,2023VARM01,Namit Varma,861
1434,2023YAMA01,Nile Yamazaki,861
1435,2022HARR27,Benjamin Harris,861
1436,2023AYRE01,John Ayres,861
1437,2023LUCA03,Jackson Lucas,861
1438,2024KWAN01,Branko Kwan,860
1439,2023BRAY01,Statton Bray,860
1440,2023ABEY02,Laiden Abeykoon,860
1441,2016BART03,Michael Barton,860
1442,2022PRIT02,Evan Pritchard,860
1443,2024BARB04,Charles Barber,859
1444,2022SHAN19,Raphael Shanad,859
1445,2023ABEY04,Nethaya Abeykoon,859
1446,2023BROW15,Kai S. Brown,859
1447,2023YOUN30,Rhys Young,859
1448,2016THOR04,Nikolas Thornton,858
1449,2023SURL01,Kian Surlak-Ramsey,858
1450,2022EDWA19,Samuel Grey Edwards,858
1451,2022GUIL08,Nathan Guild,858
1452,2021PHRU01,Nathan Phruttitum,858
1453,2024EVAN06,Jaxon Evans,858
1454,2022BROW09,Owen Wesley Brown,858
1455,2022KIMO02,Olivia Kim,857
1456,2016JOHN14,Gavin Johnson,857
1457,2022WILS02,Hutchison Wilson,857
1458,2023PENN06,Brendan Walter Pennington,856
1459,2019DRES02,Jennette Dresdner,856
1460,2021BARE01,Uriah Barela,856
1461,2024EVAN07,Joshua Evans,856
1462,2023COOK08,Braycen Cook,856
1463,2017TOTH03,Nicholas Toth,856
1464,2024GANT01,Arjun Ganti,856
1465,2023RAJA06,Praneeth Rajaram,856
1466,2023MATT09,Cody Matthews,855
1467,2023WALL12,Jack Wallace,855
1468,2017BURK04,Schyler Burk,855
1469,2024CALL03,Tucker Callahan,855
1470,2023MAHA09,Atharva Mahajan,855
1471,2024ERST01,Zachary Erstein,854
1472,2023STRI05,Caleb Strickland,854
1473,2022WEST15,Charles Immanuel West,854
1474,2022BELL03,Joshua Bell,854
1475,2024PHAD01,Aarav Phadke,854
1476,2023HAMM06,Masa Hammond,854
1477,2023ELLE02,Lilliana Kristine Ellerson,853
1478,2024MATT07,Arjun Matta,853
1479,2022RIDD04,John Robert Riddell,853
1480,2022STAN09,Jack Wyatt Stanley,853
1481,2023WALT06,Jonas Walter,853
1482,2016CLAR06,Aaron Clark,853
1483,2024SHRI03,Sanaath Shriram,852
1484,2024SHET03,Jayen Sheth,852
1485,2023GREE30,Preston James Green,852
1486,2023NORO01,Adam Norona,852
1487,2024SINH02,Saksham Sinha,852
1488,2019HADA03,Dhwani Hada,851
1489,2022MCKI03,Moses Robert McKinney,851
1490,2023HART03,Alexander Hartman,851
1491,2023SCOT14,Jonah Scotti,851
1492,2019SMIT12,Benjamin Smith,851
1493,2021GILL03,Ben Gillespie,850
1494,2024IIIG01,Glenn Smith III,850
1495,2023JRTY01,Tyneal Haywood Jr.,849
1496,2024ROSE09,Dexter Rosenhan,849
1497,2022RAMK02,Goutam Ramkumar,849
1498,2023RENZ02,Levi Renz,849
1499,2023FERN78,Theodore Fernandez,849
1500,2023RAMI12,Daniel Esteban Palacios Ramirez,849
1501,2022DETW01,Levi Bennett Detwiler,849
1502,2022BAIL03,Samuel Bailey,848
1503,2024LARG02,Anthony Largura,848
1504,2023ISSA02,Rohan Issa,848
1505,2023MARS12,Jude Marsh,848
1506,2023CALL13,Chase Callaway,847
1507,2023COLE14,Ellis Coley,847
1508,2023ANDE14,Cameron Anderson,847
1509,2023WHIT31,Mickey Whitaker,847
1510,2023LANE02,Kaede Laney,847
1511,2021BAXT01,Quinn Baxter,846
1512,2024DESA02,Ian DeSantiago,846
1513,2023BARB34,David Barbale,846
1514,2023SCHW11,Magnus Schwenke,846
1515,2022HUNT11,Grayson Hunt,846
1516,2023REED07,Ashley Reed,846
1517,2022PAGE08,Brady Page,846
1518,2024BLAK03,Huey Blake,845
1519,2023GREG07,Mason Gregory,845
1520,2022KLIE01,John Reid Kliesch,845
1521,2015HOWE01,Caiti Howe,845
1522,2023HERN22,Luca Mateo Hernandez,845
1523,2023LEME02,Christian M. Lemell,845
1524,2021ZHAO18,Derek Zhao,845
1525,2022PAUL08,Shaun Paul,845
1526,2022HICK04,David Hicks,845
1527,2023FEKE01,Ayden Fekete,845
1528,2024SPIG01,JJ Spignese,845
1529,2023RODD02,David Rodriguez,845
1530,2023JOHN07,Michael Johnson,844
1531,2023SAVA04,Connor Savage,844
1532,2023LANC03,David Jackson Lance,844
1533,2023CORR03,Joah Corrales,844
1534,2023SENT03,Anirud Senthil,844
1535,2023DRAK07,Miles Drake,844
1536,2023WATK06,Andrew Z. Watkins,843
1537,2023CODG01,Oliver Codgen,843
1538,2023KELL30,Camden Kelley,843
1539,2024ALAO01,Idris Alaoui,843
1540,2024WALT08,Liam Patrick Walter,843
1541,2022ASHL03,Lincoln Ash,842
1542,2022STOO01,Michael Stoops,842
1543,2023MORE49,Kristian Moreno,842
1544,2024PAAH01,Mia Paahlman,842
1545,2022NGUY58,Julian Nguyen,842
1546,2022KINC01,Michael Kincade,842
1547,2023NOHJ01,Juneho Noh,842
1548,2023HAVA01,Aaron Havard,841
1549,2023GRIF12,Holly Griffin,840
1550,2021KAPL02,Skyler Kaplan,840
1551,2018MILL02,JR Miller,840
1552,2022HOUG02,Samuel Houghton,840
1553,2023GARD22,Xavier Gardner,840
1554,2022GIVE01,Jaiden Givens,840
1555,2017EISB01,Kaitlyn Eisbacher,840
1556,2024MILL22,James Miller,839
1557,2023LEQU01,Benjamin LeQuire,839
1558,2023WILL64,Beau Willis,839
1559,2023GLIC03,Zachariah Glick,839
1560,2024GROV01,Saksham Grover,839
1561,2022BERT06,Aron Bertsch,839
1562,2024RIGL01,Nicholai Alexander-Lee Rigler,839
1563,2022GAUG01,Gabriel Gau,839
1564,2023KRAF01,Claire Kraft,839
1565,2024LYTL01,Luke Lytle,839
1566,2023VELA32,Ana Cifuentes Velasquez,839
1567,2022CIBO01,Brayden Ciborowski,839
1568,2024WANG24,Lian Wang,838
1569,2022WALK18,Kody Walk,838
1570,2024RIZK01,Samuel Rizkalla,838
1571,2023JOHN13,Evan Johnson,838
1572,2022KASP08,Jack Kasper,838
1573,2023FILL01,David Fillmore,838
1574,2022ROSE20,David Lee Rose,838
1575,2022JOHN21,David Johnson,837
1576,2024ALVE10,Raphael Alvez,837
1577,2023BELL18,Makai Bellamy,837
1578,2022ARMS05,Collin Armstrong,837
1579,2023MCVE01,Hayden McVeigh,836
1580,2022BARF02,Jonas Alexander Barfield,836
1581,2024EGAN05,Kody Egan,836
1582,2022TOWL01,Kingston Cleveland Towler,836
1583,2023HORT02,Travis Horton Jr.,836
1584,2024THOM17,Justice Thompson,835
1585,2022DAYD01,David Day,835
1586,2022TIJE01,Emely Tijerina,835
1587,2023RIVA09,Ryan Rivas-Carroll,835
1588,2022ALOU01,Isabella Aloupis,834
1589,2024WARR03,Mackenzie Warren,834
1590,2021COXW01,William Cox,834
1591,2022THAK01,Aarav Thakur,834
1592,2023DONG03,Damian Dong,834
1593,2023BESS02,Cooper Bess,834
1594,2023CHRI28,Asa Christian,834
1595,2023CHAN50,Adlai Chang,833
1596,2023WICK03,Isaac Wickens,833
1597,2023KAMO03,Zachary Kamont,833
1598,2023DEAR04,Henry Dearman,833
1599,2023AUST02,Alexander Austin,833
1600,2023MARL01,Raylan Marlow,833
1601,2022SCOG01,Bently Scoggins,833
1602,2023MEYE09,Luke Meyer,833
1603,2024JONE04,Daniel Jones,832
1604,2024PUTN01,Max Putnam,832
1605,2024LEEA04,Adrian E. Lee,832
1606,2024VINC02,Nathan Vincent,832
1607,2023STIF01,Axel Stifflemire,832
1608,2022CROW01,Keyen Crownover,832
1609,2023FLEM03,Bruce Elijah Fleming,832
1610,2023PURS01,Everett Purser,832
1611,2024FRAD01,Joshua Joevany Fradestin,832
1612,2024PRIC01,Harrison Prichard,831
1613,2022MELL02,Tyler Mello,831
1614,2022ZAHE01,Suhail Zaheer,831
1615,2023MART94,Dathan Martin,830
1616,2023THIB02,Luke Thibodeau,830
1617,2022CHAM06,Max Champion,830
1618,2023LEEL01,Liam E. Lee,830
1619,2023RISO01,Gabe Risolvato,830
1620,2023PROF01,Colton James Profitt,830
1621,2024STUC01,Jaxon Stuckey,830
1622,2022FRON01,Ethan Frontiera,830
1623,2023KOCH01,Alexander Koch,830
1624,2023PONN03,Sahishnu Reddy Ponnapati,829
1625,2023BUTL12,Jackson Butler,829
1626,2022JESS02,Maddie Jessen,829
1627,2022BUIE01,John Buie,829
1628,2021CANT04,Elliott Cantor,829
1629,2022MYER03,Noah Myers,828
1630,2022ADHI07,Ishaan Adhikari,828
1631,2024COLV01,Ransom Hsieh Reaux Colvin,828
1632,2022ELST01,Eli Elstein,828
1633,2024WADK01,Bert Wadkins,828
1634,2022BANK05,Harrison Banks,827
1635,2024PARS01,William Parson,827
1636,2022HELM03,Jarod Clinton Helms,827
1637,2022RICH25,Tay Richardson,827
1638,2022STAD01,Thomas Stady,827
1639,2023ROGE01,Preston Rogers,827
1640,2024LEWI01,Jayden Lewis,827
1641,2024FIOR01,Daniel Fiorello,827
1642,2024JIAN06,Max Jiang,827
1643,2023BOWL02,Tyler Bowling,826
1644,2024ALAL01,Amr Alala,826
1645,2022RAMA12,Sanjith Ramalingam,826
1646,2023CIOT01,Antonio Ciotti,826
1647,2023SMIT32,Andy Smith,826
1648,2022PROS01,Jack Prose,825
1649,2023OLIV20,Casey Oliver,825
1650,2022HALL04,Gavin Michael Hall,825
1651,2024NEDE01,Marco Nedelchev,825
1652,2024MOBL01,Thaxton Mobley,825
1653,2024NAGG01,Hayes Naggar,825
1654,2024EGGL02,Thomas Eggleton,825
1655,2022DHAV01,Soham Dhavalikar,824
1656,2018OCON03,Brian O'Connell,824
1657,2023ZHAN61,Allen Zhang,824
1658,2022HOUG01,Benjamin Houghton,824
1659,2022WALK03,Caleb Walker,824
1660,2023CORN01,Gabriel Cornell-Webb,824
1661,2024GOME19,Sophia Gomez,824
1662,2022KHUS02,Krishna Khushalani,824
1663,2021KAUF01,Zachary Kauffman,824
1664,2023LEMO11,Garth Edward Lemon,823
1665,2023VAUG04,Sterling Vaughn,823
1666,2022CZAJ02,Dylan Czajka,823
1667,2024BATT02,Antonio Battles,823
1668,2023ANDE46,Devin Anderson,822
1669,2023PARK32,Landon Inwoo Park,822
1670,2024SILV43,Quinn Silvestri,822
1671,2015AREN01,Jason Arendt,822
1672,2022BANA05,Callum Bana,821
1673,2023ZEEL01,Zachary Zeeller,821
1674,2022CULP01,Jacob Culpepper,821
1675,2024ROCH05,Adam Rocha,821
1676,2024DAWS03,Emmett Dawson,821
1677,2022BERG06,Jackson Berger,821
1678,2022ROBE04,Wyatt Robertson,820
1679,2024BLAN08,Lucas Blankenbaker,820
1680,2023ESTR02,Gabriel Estrada,820
1681,2023PIOT02,Avett Piotrowski,820
1682,2023SMIT62,George Smith,819
1683,2023KELL01,Sanjay Kelley,819
1684,2015KOND02,Yashmith Kondaveeti,819
1685,2023LEAE01,Ethan Lea,819
1686,2024JEON09,Seonmin Jeong,819
1687,2018LONS01,Christopher Lonsinger,819
1688,2023SHOE02,Silas Shoemake,819
1689,2022CLOT01,Tyler Clotfelter,819
1690,2022MART80,Gianna Marie Martinez,819
1691,2024POLA02,Ivan Polach,819
1692,2023VIPI01,Dharsan Dev Vipindas,818
1693,2022HUDS05,Parker Hudson,817
1694,2022GESS02,Liam N. Gessman,817
1695,2024PIRE01,Walt Piretti,817
1696,2023KART19,Sagan Karthikeyan,817
1697,2024KIRB02,Jacob Kirby,817
1698,2023KONH01,George Konhilas,816
1699,2023CART04,Jameson Carter,816
1700,2023NARW02,Stephen Narwold,816
1701,2022PARK49,Elijah Parks,816
1702,2023ANIL02,Fnu Anil,815
1703,2018HERN37,Leo Hernandez,815
1704,2024JAIS01,Aadi Jaiswal,815
1705,2024BAGG01,Nolan Baggett,815
1706,2024FOMI01,Alexander Fomitsky,815
1707,2024KOSH01,Naitik Koshti,814
1708,2022BLAI03,William Fletcher Blair,814
1709,2022EVAN14,Jack Evans,814
1710,2023HOLL10,Jackson Holladay,814
1711,2023PRIE03,Austin Prieto,814
1712,2023AREV05,Nolan Arevalo,814
1713,2023FORD03,Gerald Thomas Ford,814
1714,2023JRBR01,Brandon Steward Jr.,814
1715,2023FORR03,Clive Lynn Forrester,813
1716,2021SURE01,Jay Suresh,813
1717,2024RIND02,Logan Herbert Rinderknecht,813
1718,2022NITT02,Sreeyans R. NItta,813
1719,2024PITT02,Josiah Reeves Pitts,813
1720,2024SMIT12,Patrick Smith,813
1721,2022EAST07,Kyle Easton,812
1722,2022WINT06,John R. Winter,812
1723,2023BARN12,Josiah Barnes,812
1724,2022GANS02,Mallory Isador Van Gansbeke,812
1725,2023WISO01,Tyler Wisor,812
1726,2022LOWJ02,Jeannette Low,812
1727,2023BRYA07,Trever Zain Bryant,812
1728,2023COLI03,Manuel Andres Nahr Colina,811
1729,2023LEEH08,Hyobeom Lee,811
1730,2023CHEN55,Jasper Chuyang Chen,811
1731,2024AVIL01,Leonardo Avila,811
1732,2022MCDO14,Blane Patrick McDonald,810
1733,2024SAVE01,Dilan Saverimuttu,810
1734,2023MEKA01,Sai Vivaan Mekala,809
1735,2023EDWA22,Mason Edwards,809
1736,2023GARD21,Oliver Gardner,809
1737,2023GEZA01,Arel Gez,809
1738,2024KNIG05,Josiah Knight,809
1739,2023SOKO01,Jacob Sokol,809
1740,2022MURR02,Abraham Murray,809
1741,2024BETT02,William Betterton,809
1742,2023HIRS04,Max Hirsch,809
1743,2024EKBU01,Justice Fisher Ekbundit,809
1744,2024INTH01,Miller Inthirathvongsy,809
1745,2024BLAI01,Harrison Blair,809
1746,2023MILL06,Douglas Miller,809
1747,2022JULI01,Devin Julien,808
1748,2022HOFF06,Liam Hoff,808
1749,2023CONN04,Boaz Conniff,808
1750,2024BRAN03,James Brantley,808
1751,2023JAME11,Jonathon Lee James Jr.,808
1752,2023DAVI14,Ethan Davis,808
1753,2022GARZ02,Raylan Garza,807
1754,2023HOOG02,Blake Hoogheem,807
1755,2024EGGL01,Jacob Eggleton,807
1756,2023COTT02,Ivy Cotton,807
1757,2024CHOU03,Laird Chou,807
1758,2022SCHM02,Wade Schmidt,807
1759,2022HOLC03,Benjamin Holcroft,807
1760,2022MADD06,Venkata Haricharish Maddeboina,806
1761,2022SMIT57,Noah Smith,806
1762,2023YOUN32,Bo Youngelman,806
1763,2024LABR02,Bryce LaBruyere,806
1764,2023BELL10,Jonathan Bell,806
1765,2023MATH09,Joel Kurian Mathew,806
1766,2023VUKK01,Nirmal Venkat Sooraj Vukkum,805
1767,2024MONR01,Kaleb Monroe,805
1768,2024GALL26,Dylan Galley,805
1769,2023SKYW01,Joshua Skywalker,805
1770,2022PORT07,Karissa Porterfield,805
1771,2022GUES01,Matthew Guess,805
1772,2023HIRT01,James M. Hirt,805
1773,2022MART38,William Patrick Martinez,804
1774,2024ROMA09,Samantta Roman-Rey,804
1775,2024SHIM04,Idan Shimer,804
1776,2023REBE02,Jake Rebella,804
1777,2022YOON02,David Yoon,803
1778,2024RENN02,Rafael Renny,803
1779,2023SMIT01,May Smith,803
1780,2023PERK05,Nicu Perkins,803
1781,2024JUST01,Asher Justesen,802
1782,2024CALL02,Noah Callahan,802
1783,2024HINT01,Weston Hinton,802
1784,2023ROBE09,Nolan Roberts,802
1785,2022MART89,Holden Martin,802
1786,2023EWIN03,Jack Ewing,802
1787,2023MANL03,Jaden Lee Manley,802
1788,2023BURK08,Harrison Burklow,802
1789,2023WASH01,Miller Washam,801
1790,2022WEAV01,Ethan Weaver,801
1791,2021MORE01,Weston Moreno,800
1792,2023BRYA01,Tate Bryant,800
1793,2024PATE04,Shiv Patel,800
1794,2023BROW49,Felix Augustine Brown,800
1795,2022WILD04,Miles Wildeboer,800
1796,2023MOOD02,Julian Moodoyan,800
1797,2023HARR17,Amber Harris,800
1798,2018VILL20,Patrick J. Villarreal,800
1799,2023DEES01,Justice Dees,800
1800,2022PHIL15,Caleb Phillips,799
1801,2022GRIM01,Maddox Grimsley,799
1802,2024ARIA06,Mateo Arias,799
1803,2023PASH01,Eliza Pasha,799
1804,2024RENF01,Nicholas Renfroe,799
1805,2023WILS44,Robert Wilson,799
1806,2022BROO09,Lane Brooks,798
1807,2023WYSS01,Dylan Jon Wyss,798
1808,2022SINC01,Xavier Sinco,798
1809,2023BROW09,Lucas Brown,798
1810,2024PEDE01,Christopher P. Pedersen,798
1811,2024NEAL01,John Wesley Neal IV,798
1812,2023GAND03,Samira Gandhi,797
1813,2023BUCK06,David Buckland,797
1814,2022SHIN15,Jiyu Shin,797
1815,2024GALP01,Finn Galpin,797
1816,2023ECHE02,Emilio Echeverry,796
1817,2023LOCK06,Brayden Lockwood,796
1818,2022DOST01,Scarlett Doster,796
1819,2023FRAN11,Sebastian Franco,796
1820,2023TYSO02,Saul Tyson,796
1821,2023JARR05,Zachary Jarrett,796
1822,2023MORG11,Malachi A. Morgan,796
1823,2023SCHR17,Aksel Konrad Schramm,796
1824,2023BAIR04,Gavin Baird,796
1825,2023DURB01,Beau Durbin,796
1826,2022MORI04,Takuto Moribe (守部拓登),795
1827,2023MAXW03,David Lars Maxwell,795
1828,2022MITC09,Jack Mitchell,795
1829,2023COAN01,William E. Coane,795
1830,2024PRAT03,James Pratt,795
1831,2023KNOT03,Savannah Knott,795
1832,2024SANT50,Tripp Santangelo,794
1833,2022MASO11,Cheney Mason,794
1834,2022PERE15,Xavy Joel Lanas Perez,794
1835,2024SHET02,Aashna Sheth,794
1836,2021EVAN04,Paul Matthew Evans,794
1837,2024SRIK01,Pratyush Srikanth,793
1838,2023LEHM01,Garrett Lehman,793
1839,2023HOES01,Brody Hoessler,793
1840,2024KENN12,Thatcher Kennedy,793
1841,2024STRI01,Maci Strickland,793
1842,2024MANN03,Julian Mann,793
1843,2022GASS01,Amichai Gassmann,793
1844,2023BRIS02,Will Briscione,792
1845,2017JONE16,Natassia Jones,792
1846,2022PERR08,Zach Perry,792
1847,2023TRAN12,Justin Tran,792
1848,2024ANDA02,Alexis Andaverde,792
1849,2019MORD01,Paul Mordini,792
1850,2024SPIG02,Sean Spignese,792
1851,2022NELS04,Henry Nelson,791
1852,2023CUMM03,Annelise Cummings,791
1853,2023LABO01,Cohen Russell LaBonte,791
1854,2022TATE02,Graydon Garren Tate,791
1855,2023HART04,Temperance Hartman,790
1856,2024EVAN02,Shervy Evans,790
1857,2023GURU04,Rohan Gurung,790
1858,2024TIRA02,Santiago Tirado,789
1859,2022KANG12,Jiyong Kang,789
1860,2022RAMS01,Jenn Ramsden,789
1861,2023CAMP38,Jaxson Campbell,789
1862,2023YUAN03,James Yuan,789
1863,2010WOMA01,Michael Womack,789
1864,2022STEE11,James T. Steed,789
1865,2022BENJ06,Sebastian Benjume,789
1866,2022YOUN13,Sebastian Young,789
1867,2021FLOW01,Harrison Flowers,789
1868,2021PENA01,Jackson Pena,789
1869,2022BETT03,Parker Betton,788
1870,2023BOUZ02,Anthony Bouzard,788
1871,2024MOHR02,Konrad Dietrich Mohr,788
1872,2024REYE04,Sebastian Reyes,788
1873,2023NADA04,Surya Krithik Nadakuduru,788
1874,2024EVAN12,Hannah Evans,788
1875,2024GALE05,Cato Galen,788
1876,2024MELT01,Landon Melton,787
1877,2022CHAN31,Michael Chang,787
1878,2023ANAY01,Donnovan Anaya,787
1879,2024GUZM03,Kyle Guzman-Byrd,787
1880,2022GEOR13,Jacob Georges,787
1881,2024HEIL01,Jordyn Heil,787
1882,2017WELC01,Aaron Welch,786
1883,2023MIKH02,Amy Mikhail,786
1884,2022TRUO03,Brian Truong,786
1885,2023REDI02,Frank Redisi,785
1886,2023CROW10,Lee Crowe,785
1887,2023ADEE05,Steven Adeeb,785
1888,2023IIGA01,Garick Rye II,784
1889,2022FRAS01,Harrison Fraser,783
1890,2023BARB35,Jacob Barbale,783
1891,2023THOM46,Cooper Thompson,783
1892,2023MCCL02,Dresden McClain,783
1893,2023TYCK01,Marcela Tycksen,783
1894,2022HOLC04,Felix Holcomb,783
1895,2024ROJA04,Oliver Rojahn,782
1896,2024MITC03,Aspen G. Mitchell,782
1897,2023FIEL01,Carson Field,782
1898,2023PART06,Akaash Raghunathan Parthasarathy,781
1899,2022DOLA01,Walker Dolan,781
1900,2022VICA01,Christian Micheal Vicari,781
1901,2023SZYD01,Zachary Szydlo,780
1902,2024MILL01,Henry Miller,780
1903,2023PHIP02,Liam Phipps,780
1904,2023CHAN11,Connor Chandler,780
1905,2023AHUJ07,Pratyaksh Ahuja,780
1906,2023ROSE12,Jonathan Rose,780
1907,2023WELL05,Ethan Wellington,779
1908,2023BROD03,Nicholas Paul Brodeur,779
1909,2021KAND02,Avi Kandel,779
1910,2022PATE40,Parishi Patel,779
1911,2022EBIE01,Asher Ebie,779
1912,2022SEDG01,Zachary Sedgwick,779
1913,2023NIEH01,Carter T. Niehoff,779
1914,2022CHAV01,Shruthi Chava,779
1915,2016SULL01,Grace Sullivan,779
1916,2023CLAR29,Parker Clarke,778
1917,2023KANU01,Ruthvik Reddy Kanumuri,778
1918,2023AQUI01,Charles Aquino,778
1919,2023MUEL04,Caleb Mueller,778
1920,2022WILS21,Kevin Wilson,778
1921,2023NGUY32,Alexander Nguyen,778
1922,2024LEYV01,Jason Leyva,778
1923,2024BELL01,Aidan Bellino,778
1924,2023DUCK02,Patrick Ducker,777
1925,2023NATH05,Ariv Nathani,777
1926,2024GALA06,Penny Galasso,777
1927,2024YANE01,Emilio J. Yanez-Salas,777
1928,2023ICAZ01,Asher Icaza,777
1929,2022WHIT01,Mason White,777
1930,2023RICK02,Brody Rickman,777
1931,2022GUMP01,Cooper Gumpert,777
1932,2023RUTL04,Jonathan Rutledge,776
1933,2024BHAG02,Medha Sri Bhagi,776
1934,2022CHIL07,John Childs,776
1935,2023REDM02,Grady Redman,776
1936,2023HERN57,Mikey Hernandez,776
1937,2024SOUT02,Carter Davis Southworth,776
1938,2023SHAR21,Abhinav Sharma,776
1939,2022HOWE01,Jameson Howell,776
1940,2024NIMM01,Haasith Nimmala,776
1941,2024CANT03,Samuel Cantrell,776
1942,2023POWE11,Madison Powell,776
1943,2015JONE08,JT Jones,775
1944,2023BACH06,Koa Bachman,775
1945,2023KLEP01,Tyhon Klepar,775
1946,2018HOLT04,Zachary Holton,775
1947,2023ROBE04,Bishop Roberts,775
1948,2023ROSS16,Wesley Lennox Rossi,774
1949,2022BEHE01,Isaac Behel-Dezendorf,774
1950,2024REYN06,John Parker Jardine Reynolds,774
1951,2023GORS05,Nio Gorscak,774
1952,2022SMIT60,Tate Smith,773
1953,2022BROC06,Christion Drake Brock,773
1954,2023GANO01,Nathan Gano,773
1955,2023ROUN01,James Rountree,773
1956,2022PRIE01,Devin Prieto,773
1957,2024LEEE01,Eztli Lee,773
1958,2024MUGA01,Makena Mugambi,773
1959,2024CAVE01,Jeff Jason Cave,773
1960,2024KINY01,Carden Kinyoun,773
1961,2023STRO05,Tyler Strohm,771
1962,2023ALRU01,Abdulazeez al-Rubaian,771
1963,2024CLEV01,Maddox Cleveland,771
1964,2023KORI02,Peter Korizis,771
1965,2023DAVI39,Bryce Davis,771
1966,2024JRRO01,Robert McCabe Jr.,770
1967,2023QUIG01,Olivia Quigley,770
1968,2023WITM02,Noah Witmer,770
1969,2023DART01,Tyler Dart,770
1970,2023WHIT19,Thomas Alexander White,770
1971,2021REYE01,Fabian Reyes-Velazquez,770
1972,2019SMIT43,Seth Smith,770
1973,2024ENTZ01,James Entzminger,770
1974,2023HUDS02,Keiden Hudson,770
1975,2024KAZE01,John Kazee,770
1976,2023BOLL02,Steven Bolli,769
1977,2023LERY01,Ryder Le,769
1978,2022SIEJ01,Oliver H. Sieja,769
1979,2019SMIT42,Connor Smith,769
1980,2023WEIS05,Landon Weiss,768
1981,2023DIOD01,Giovanni Diodonet,768
1982,2024WILL12,Fisher Williams,768
1983,2024KENN08,Brian Kennedy,768
1984,2022MORR01,Brady Morris,768
1985,2023DURI04,Rhys Durity,767
1986,2024KHAI02,Mikail Khairi,767
1987,2023ROBI07,Landon Robinson,767
1988,2023SEAL02,Blake Seale,767
1989,2023THEL02,Isaac Nathan Thelen,766
1990,2019KUCA01,Lisa Kucala,766
1991,2023MOSL01,Everett Mosley,766
1992,2022WHIS01,Maxwell Whisnant,765
1993,2024QUAD01,Quaid Quadri,765
1994,2023LOMB02,Benjamin Lombardo,765
1995,2022STAM02,Christopher Stamatelatos,765
1996,2022HAST02,Aaron Hastie,765
1997,2023STOO02,Iris Stoops,765
1998,2023JOHN24,Carter Johnson,765
1999,2018BURC04,Jackson Burch,765
2000,2023HALL13,James T. Hallinan,765
2001,2024KRIS05,Nandan Krishna,765
2002,2016PROI02,Rory Proietto,764
2003,2023KELL29,London Kellman,764
2004,2023GUIR02,Raina Guirgis,764
2005,2022DALT01,Trace B. Dalton,763
2006,2023SHEV01,Louis Sheveland,763
2007,2022FLOR18,Octavio Gallegos Flores,763
2008,2024CLAR08,CJ Clark,763
2009,2024SOWB02,Zean Sowby,763
2010,2024RAMC01,George Ramcharan,763
2011,2022TICO01,Ben Ticola,763
2012,2024STET01,Jack Stetz,762
2013,2023SHIO02,Owen Shi,762
2014,2022BAUT02,Wilbert Andy Bautista,762
2015,2023MCCU09,Lee Barrett McCullough,762
2016,2022LAYC01,Carter Lay,762
2017,2022CHRI24,Parker Christiansen,762
2018,2023VILL13,Andreas Villedrouin,762
2019,2023LAHR03,Kai Lahr,762
2020,2022LANI02,Connor Lanier,761
2021,2022SCHA18,Avery Schay,761
2022,2023WIND02,Tristan Windham,760
2023,2024BHAT06,Pranav Bhat,760
2024,2023KEOD01,Lang Keodara,760
2025,2022MCKI07,William Mckiernan,760
2026,2024LEOP01,Zachary Leopard,760
2027,2022OLIV16,Elijah Oliver,760
2028,2023ROSE16,Callan Anthony Cale Rose,759
2029,2024ESSA01,Ethan Essary,759
2030,2022SQUI01,Aiden Squires,759
2031,2022CLAR21,Kasen Clary,759
2032,2024GAZA01,Justin Elijah Gazaway,759
2033,2023LANG08,Norah Lange,759
2034,2023BEAN02,Landon Bean,759
2035,2022TARW01,Yash Tarwade,759
2036,2022GEAN02,Andy Ge,759
2037,2022MCLA02,Gavi McLaughlin,759
2038,2023PARK50,Arye Parker,759
2039,2023GRIF21,Silas Griffith,758
2040,2024KNOX01,Gavin Knox,758
2041,2024LASE01,Xavier LaSeur,758
2042,2022BOND01,Arjun Bondalapati,758
2043,2023EVAN11,Judah Evans,758
2044,2022DACE01,Camden Dacey,758
2045,2023JOHN66,Laney Johnsonbaugh,757
2046,2022LAKS03,Ashwath Lakshmanaswamy,757
2047,2022WAGN02,Rusty Wagner,757
2048,2019BEAR01,Caleb Bearden,757
2049,2022SOLO03,Landon Solomon,756
2050,2022JACQ03,Linzy Jacques,756
2051,2022PERE61,Gabriel Perez,756
2052,2024ROBE04,Ryker Roberts,756
2053,2023LEHM05,Ethan Lehman,756
2054,2022WOOD20,Jacob Woods,756
2055,2017LEWI08,Chase Lewis,755
2056,2023STRA17,Ethan Strader,755
2057,2021DODS01,Eric Dodson,755
2058,2024ROHN01,Eli Rohner,755
2059,2022KOLH02,Nia Kolhatkar,755
2060,2023LONG26,Saddler Long,755
2061,2022HOBB04,Meredith Hobbs,755
2062,2023CONR05,Seth Conricode,754
2063,2023ROGE04,Samuel Rogers,754
2064,2024PETR02,Liam Petraitis,754
2065,2023ROBI14,Alicia Robinson,754
2066,2023MOSE03,Henry Thomas Moses,753
2067,2024PUPP01,Viyaan R. Puppala,753
2068,2024SANT49,Ricardo Santos,753
2069,2024HAWS01,Evan Haws,753
2070,2024SHET05,Charlie Shettle,753
2071,2023THAK07,Devaarya Thakkar,753
2072,2023GRZE02,Ryne Grzesinski,753
2073,2023VOOR03,Carter Van Vooren,753
2074,2024CRAF01,Benjamin Craft,753
2075,2023JAME15,Sckottland James,752
2076,2021THOM08,Adam Thompson,752
2077,2022SAMP03,Will Sampson,752
2078,2024SHER03,Austin Sheridan,752
2079,2023GONZ01,Derek Daniel Gonzalez-Lozano,751
2080,2024ABRA01,Alyssa Abraham,751
2081,2023GALV04,Carabelle Marie Galvin,751
2082,2023YANE04,Aiden Scott Yanes,751
2083,2022JACO05,Noah Jacobsen,751
2084,2023FOXJ01,John Luke Fox,751
2085,2023KHAL10,Hadi Khalfan,751
2086,2024OWEN02,Carrie Owen,751
2087,2023ALVA40,Sebastian Alvarez,750
2088,2022CRUC01,Sawyer Cruce,750
2089,2024BALL02,Oliver Stanley Ballard,750
2090,2024SALA10,Sam Salazar,750
2091,2023SRIV05,Arjun Srivastava,749
2092,2019STEP14,Alexander Joseph Stephenson,749
2093,2024ALZU01,Julian Alzuri,749
2094,2023ANDR12,Camp Andrews,748
2095,2022HESS05,Caleb Hess,747
2096,2022JOHN24,Kitkat Johnson,747
2097,2022PREV02,Davis Paul Prevatte,747
2098,2024NAIM01,Basim Naim,747
2099,2022YUSU05,Siraj Abbas Yusufali,747
2100,2023NADA03,Jack Nadaskay,747
2101,2022HOGA03,James Wyatt Hogan,747
2102,2023BURK06,Alivia Burke,746
2103,2023MALY01,Kian Maly,746
2104,2024NARO02,Preston James Naron,746
2105,2023STAN19,Joshua Stanley,746
2106,2023JILA01,Aya Jilalu,746
2107,2022JOHN20,Jaleigh John,746
2108,2023ORRT01,Thomas N. Orr,745
2109,2023WRIG07,Asher Wright,745
2110,2023PARK02,Brody Parks,745
2111,2022HERM08,Isaac Herman,745
2112,2018JENN04,Abygail H. B. Jennings,744
2113,2023PARS07,Chase Parsons,744
2114,2022SATT01,Brock Satterfield,744
2115,2024BENS04,Deacon Benson,744
2116,2023JOSH03,Sachin Joshi,744
2117,2023FAKH03,Alden Fakhoorian,744
2118,2023WINS02,Tyler Winsor,743
2119,2019DABU04,Matthew Dabu,743
2120,2023NERE01,Arhana Nerella,743
2121,2022SHAN20,Michael Shanahan,743
2122,2024GUER06,Jessica Guerrero,742
2123,2024CRAM01,Samson Cramer,742
2124,2022WANG73,Ava Wang,742
2125,2023EDWA15,Willow G. Edwards,742
2126,2022SQUI02,Madeline Squires,742
2127,2024UPPA01,Aakarsh Uppal,742
2128,2023PATE36,Tanush Patel,741
2129,2023CATO01,Perry Cato,741
2130,2022TAYL10,Samuel Taylor,741
2131,2022FORE01,Dagan Foreman,740
2132,2016STIN01,Jeff Stinson,740
2133,2024PETR06,Gerard Petrella,740
2134,2023SREE05,Shreya Sreeram,740
2135,2024SIMP02,Joseph Simpson,740
2136,2023CHAU01,Kiran Chauhan,739
2137,2022JOSH02,Jval Joshipura,739
2138,2023RADE01,Benjamin Rader,738
2139,2022ROGE08,Leo Rogers,738
2140,2023BARN11,Gavin Barnett,738
2141,2022MUSS01,Vincent Musson,738
2142,2024TROK01,Felix Troka-Hand,738
2143,2023LINT13,Liam Linton,737
2144,2018LEHT01,Tatu Lehtilä,737
2145,2023SCHM03,Anna Schmucker,737
2146,2022PENA06,Samuel Pena,737
2147,2023RAVI02,Damien Ravior-Ballentine,737
2148,2023XUIS01,Isaac Xu,736
2149,2023AHUJ04,Samaksh Ahuja,736
2150,2023WATS09,Bodie Watson,736
2151,2024GALL25,Evan Galleher,735
2152,2023SHEP10,Carson Sheppard,735
2153,2018THOM38,Andreas Thompson,735
2154,2021TRAN05,Grace Tran,735
2155,2024SEUF01,Kim Ellis Seufer,735
2156,2023VAIY01,Sai Sravan Vaiyravasundaram,735
2157,2022WILS20,William Edward Wilson,735
2158,2022ALVA05,Jared Alejandro Alvarez,734
2159,2023CATA12,Diego Catacora,734
2160,2022GOPI05,Devdutt Gopinath,734
2161,2022THOM21,David Charles Thomas,734
2162,2023JAMI07,Tennessee Jamison,734
2163,2022SMIT70,Taylor Smith,734
2164,2023JOHN42,Beckett Johnston,734
2165,2023PETR06,Maxim Petrov,733
2166,2023CHEN87,Marcus Y. Chen,733
2167,2024SPER02,Carson James Sperringer,732
2168,2023NAZW01,Stephen Nazworth,732
2169,2023SUNI05,Santo Sunil,732
2170,2023MOOR30,Bryan M. Moore,731
2171,2023PRIT04,Lachlan Pritchard,731
2172,2024BLOC02,Benjamin Blocksom,731
2173,2024MCCL02,Micah McClain,731
2174,2022OUJE01,Jeremy Ou,730
2175,2022RIES01,Aidan Ries,730
2176,2023POLS04,John Polson,730
2177,2022MANC08,Akshaya Nag Manchinasetty,730
2178,2022HUND01,Parker Hundley,730
2179,2023CELE01,Jaxon Celestial,729
2180,2022DART01,James Dart,729
2181,2023BIAL04,Marcus J. Bialkoski,728
2182,2023MCCL04,Charlie Mcclintock,728
2183,2023GARR07,Gabriel Garrido,728
2184,2024TRUJ04,Holden Trujillo,728
2185,2022PASU01,Kishan Karthik Pasumarthi,728
2186,2023CHAV01,Santiago H. Chavez,727
2187,2022MILL16,Jackson Mills,727
2188,2022AMMO02,Dillon James Ammon,727
2189,2024ROUD01,Leon Roudenko,727
2190,2024CAOA01,Aaron Cao,727
2191,2024MCFA01,Isaac McFalls,727
2192,2022ARMS07,Luke Armstrong,727
2193,2022SHUM01,Elizabeth Holly Shuman,726
2194,2022RAML02,Laya Ram,726
2195,2022WASH03,Ben Washburn,726
2196,2023ROBE01,Aaron Roberts,726
2197,2022MEIE02,Charlie Meier,726
2198,2022STEA01,Jace Steadham,725
2199,2023JAMP01,Jaden G. Jampayas,725
2200,2023MCVA01,Brandon McVay,725
2201,2024FULL03,Kasen Fuller,725
2202,2023TECH01,Ian Techasiriwan,724
2203,2023DURI05,Sherwin Durity,724
2204,2023MCCA25,Gabriel McCarthy,724
2205,2024EVAN03,Darriann Evans,724
2206,2023UDDA01,Abhinav Uddaraju,723
2207,2023ESTR10,Kylo Estrada,723
2208,2022MELI03,Jimmie Melichar,723
2209,2024BILB01,Avalie Bilbrey,723
2210,2023MART65,Arian Martinez,723
2211,2023KRES02,Knox Kress,723
2212,2023IKED01,Jameson Ikeda,722
2213,2022FEDE03,Salvadore Federico,722
2214,2022NIXW01,Weston Nix,722
2215,2023YUAN04,Lucas Yuan,721
2216,2021SACK02,Gabriel Sacks,721
2217,2022ROGN01,Knox Rogness,721
2218,2023SWEE05,Lucas Sweeney,721
2219,2022DURA03,Roman Duran,721
2220,2024STAN02,Julia Stanley,720
2221,2023MARJ07,Jack Mart,720
2222,2022LILI02,Lucas Liliac,720
2223,2023BREI01,Uriah Breiz,720
2224,2023GIBS09,Whitson Gibson,720
2225,2023DAVI54,Mac Davis,719
2226,2022ALLE03,Owen Allen,719
2227,2023ROZE02,Paul Rozelle,719
2228,2022ROSB02,Allison Rosborough,718
2229,2018SHAR41,Kush Sharma,717
2230,2023SCHU02,Aaron Schueneman,717
2231,2023MCLE11,Gordon McLeod,717
2232,2022SPAN02,Link Sebastian Spann,716
2233,2023STAG01,Lexiana Stagaard,716
2234,2020JARA01,Nicolas Jaramillo,715
2235,2024PENA06,Jonathan Pena,714
2236,2023DONO08,Chihaya Dono,714
2237,2023GREE28,Micah Benjamin Green,712
2238,2018MILL30,Tommy Miller,712
2239,2022GEWI01,Leo Gewirtzman,711
2240,2023RICK03,Jake Rickman,711
2241,2023BRAN08,Andrew Brantly,711
2242,2022TERR03,Cooper Terrell,710
2243,2022WILL31,Cade Williams,710
2244,2023LIVE04,Andrew Liveright,710
2245,2024KARA03,Neil Joseph Karakattu,710
2246,2023HUGH07,Aiden C. Hughes,710
2247,2022GUER13,Angeliki Guerra,710
2248,2022HARD09,Samuel Hardwick,709
2249,2023SCHM17,Noah Schmitt,709
2250,2023IMAS01,Hadi Imash,708
2251,2024FINE03,Kaylee Fine,708
2252,2023HITE01,Sawyer Hite,708
2253,2023MEAR01,Natalie Mears,708
2254,2022MEDI08,Alexis Medina,707
2255,2023FEHR01,Miles Fehrman,707
2256,2023MONE02,Mia Money,706
2257,2022TATE01,Gavin Alexander Tate,706
2258,2024MARL01,Kieran Marland,706
2259,2022ROBA01,George A. Robards,706
2260,2022EBIE02,Brian Ebie,705
2261,2017HEND03,Nate Hendon,704
2262,2023RILE02,Colton Riley,704
2263,2024BERN03,Anthony Bernazza,704
2264,2022VELL01,Cecelia Vellozzi,704
2265,2023CREE02,Charlie Creech,703
2266,2022BHAR11,Atiksh Shripad Bharati,701
2267,2023MALL02,Anish Mallepally,701
2268,2023JOHN41,Nathaniel Johnson,700
2269,2023MEDI01,Jason von Meding,700
2270,2023PERA04,James Peralta,700
2271,2017JOHN10,William Johnson,700
2272,2023SABB03,Wade Sabbagh,699
2273,2023BHID01,Sahil Ratnakar Bhide,697
2274,2022SANT60,Cameron Santamaria,697
2275,2023ROKA01,Ted Rökaeus,697
2276,2024ALLE05,Lucas Alley,696
2277,2023SELV02,Divyesh Narayan Selvameyappan,696
2278,2022RADU06,Raymond Radu,695
2279,2023SLUS01,John Sluss,693
2280,2023WILL44,Eli Williams,693
2281,2022CROU05,Sage Crouse,693
2282,2023KRAF02,John Foster Kraft,693
2283,2023DERO02,Jacob DeRouen,693
2284,2023NICO01,Isabella Nicoletto,692
2285,2023BOYK01,Parker Boykin,692
2286,2022WILL42,Jackson Williams,691
2287,2023MILE03,Noah Miley,690
2288,2023PHIL19,Eva Phillips,689
2289,2023ARNO01,William Arnold,688
2290,2022ANDR47,Holden Andrews,688
2291,2022BOHN03,Mathias Bohn,687
2292,2023ALVA54,Luna Abigail Silva Alvarez,687
2293,2023YOUN21,Ferris Young,687
2294,2022FARO01,Yaseen Farooqui,686
2295,2023BROW34,Wilson Brown,686
2296,2023POST08,Nathaniel Poston,686
2297,2023HASA10,Grier Hasan,686
2298,2023JOSH02,Prasaad Joshi,686
2299,2023PIER01,Grant Pierce,686
2300,2023INTU01,Nushant Chowdary Inturi,685
2301,2022POTO01,Connor Poto,684
2302,2021SALM01,Jason David Salmon,683
2303,2018HOLT03,Jeff Holton,682
2304,2023KAND10,Naga Shourya Kandukoori,682
2305,2023BRYN01,Lachlan Bryniarski,682
2306,2022GUER12,Adara Guerra,682
2307,2022HUSE03,Logan Husebo,681
2308,2023CAIN01,Gabriel James Cain,681
2309,2023BLAC13,Asa Quincy Black,680
2310,2023GIBB04,Richard Gibbs,680
2311,2023SIMP05,Jackson Simpson,679
2312,2023HOLT08,Thomas Holton,679
2313,2023BONE03,Santiago Bonet,678
2314,2022DONO03,Chase Donohoo,678
2315,2023MCGO03,Payton McGouirk,677
2316,2023WHEE04,Emerson Wheeler,677
2317,2022HOBB03,Madison Hobbs,676
2318,2023JUDD02,Aaron Judd,676
2319,2023SCHW12,Sigmund Schwenke,676
2320,2022ZAMO02,Danny Zamora-Medina,675
2321,2023LIGH03,Zain Light,675
2322,2023MILL02,Josiah Miller,675
2323,2022STRI03,Fredy Strickland,675
2324,2023ROSS11,Teddy Ross,674
2325,2023BARN05,Brooks Barnes,674
2326,2024BUZZ01,James Buzzell-Holmes,673
2327,2023KEYJ01,Jacob Dean Key,672
2328,2017VEEN01,Logan Vander Veen,672
2329,2023PERE01,Jaden Perez,672
2330,2023SUMM01,Drake Summerhill,670
2331,2023CROS10,Alex Cross,669
2332,2022ODOM01,Aidan Lee Odom,669
2333,2023EATO03,Addison Eaton,667
2334,2019BALL09,Jaxon Ballentine,667
2335,2023PRAS10,Athul Prasanna,667
2336,2023MORE41,Nate Moreno,667
2337,2023WOFF02,Benjamin Blythe Wofford,667
2338,2023RISP01,Maddilyn Rispoli,666
2339,2022MORR10,Reed Morrison,666
2340,2023ZHAR01,Tamirlan Zharmagambetov,666
2341,2022YANG14,Jason Yang,666
2342,2022GARD05,Kenton Gardner,664
2343,2023VELL01,Giovanni Thomas Vellozzi,664
2344,2022BENT03,Daniel Bentley,664
2345,2023JENS19,Sean Jensen,663
2346,2022CUTE01,Michael Cuteri,663
2347,2023PATE63,Divya Patel,663
2348,2023KUTZ01,Jakob Kutz,662
2349,2016CHIT02,Cain Chitwood,662
2350,2023HOLL07,Caroline Hollingsworth,660
2351,2024MCAF01,Brooks McAffry,660
2352,2022MATT11,Jackson T. Mattoni,660
2353,2023CROW08,Kobe Crowe,659
2354,2024SMIT11,Kim Smith,659
2355,2023ALLE11,Reid Allen,658
2356,2023REWA01,Alejandro Rew,657
2357,2023RAMO29,Isabella Ramos,655
2358,2022SOMM03,Reese Sommer-McPhail,655
2359,2023SMIT33,Blake Smith,654
2360,2023HARR36,Walker Harrison,654
2361,2023MCCA26,Sam McCarty,653
2362,2022MACR01,Luca Macri,652
2363,2023SERL01,Jeffrey Serle,652
2364,2022LEFF01,Jack Leffke,652
2365,2023SMIL01,Israel Smiley,651
2366,2023STEW10,Jones Stewart,650
2367,2023COMP04,Gavin Compton,650
2368,2023MILL03,Nigel Miller,649
2369,2024ANGT01,Timothy Ang,649
2370,2023MARC03,Seth Marcum,648
2371,2022LIND09,Mason Lindley,648
2372,2022AYOT01,Declán Ayotte,647
2373,2023CATE01,Ryan Cates,647
2374,2023ARRE03,Emily Arreaza,646
2375,2023MARK01,John Marks,643
2376,2023BECK07,Jaejin Beckett,643
2377,2022TAUB01,Riley Taubel,642
2378,2022TRAN14,Jonathan Tran,641
2379,2023NELS01,Ada Nelson,640
2380,2023KATT02,Yazan Kattih,639
2381,2022SHYA01,Nikhil Shyam,639
2382,2022LUKO01,Scarlett Lukosavich,636
2383,2022VELL02,Joseph Vellozzi,634
2384,2023COLE05,Carter Coleman,633
2385,2023GAOV01,Vincent Gao,633
2386,2022MAYN02,Cameron Maynard,631
2387,2023PRIC01,Thelonious Price,631
2388,2023CROO01,Kole Slayter Crooks,630
2389,2023MORR16,Charles Morrison,629
2390,2023ZEBR01,Nick Zebroski,627
2391,2022PILL04,Sreehari Pillai,625
2392,2023PANO01,Steven Panone,625
2393,2019DABU02,Darnel Dabu,624
2394,2023NABA01,Allan Nabas,623
2395,2023STOO01,Glenn Stoops,622
2396,2023BENA01,Mia Benalcazar,622
2397,2023DABU01,Michelle Reyes Dabu,621
2398,2023RADE02,Jude Rader,621
2399,2023MORE40,Amaya Moreno,620
2400,2022GILB04,Elijah Gilbert,619
2401,2023SMIT06,Charlotte Smith,619
2402,2023FNUA01,Asitai Fnu,617
2403,2023WOOD20,Cayden Wood,614
2404,2022MCCA06,Connor McCarthy,614
2405,2023MURR14,Mark Murray,611
2406,2022WARD05,Winston Lee Ward,611
2407,2023ROUN02,Rob Rounbehler,611
2408,2022SIMP03,Sawyer Simpson,609
2409,2023HOLL18,Carmen Hollander,607
2410,2023BLAN19,Roman Blankinship,607
2411,2023CONT01,Maxwell Contrino,604
2412,2022DEMP02,Jack Dempsey,604
2413,2022GROS02,Hadley Grosse,603
2414,2023BOWL04,Wes Bowling,602
2415,2023SHER10,Elena Sherman,601
2416,2022DOAN09,Eva Doane,600
2417,2022DAVI19,Collins Davidson,599
2418,2023SARE01,Andrew Sareh,598
2419,2022YOUN12,Amelia Young,597
2420,2022EDWA09,Peyton Edwards,592
2421,2022BIVE01,Joshua Bivens,589
2422,2023CIBO01,Jeremy Ciborowski,588
2423,2023BARR24,Layne Barron,588
2424,2019AIKE02,Brayden Aiken,584
2425,2022VARN03,Andy Varner,584
2426,2015RHOD03,Tyler Rhodes,582
2427,2023EVAN08,David Evans,582
2428,2023COXM02,Matthew S. Cox,580
2429,2023PIKE02,Geoffrey Pike,575
2430,2019SAYS01,John-David Seth Saysombath,573
2431,2023EYST01,Ivan Eystad,570
2432,2022ROSE12,Trish Rose,567
2433,2022JAIN30,Aashi Jain,556
2434,2023BUKH02,Ekaterina Bukhanistaia,556
2435,2021LAUE03,Margaret Lauer,555
2436,2022MCKI04,Timothy McKinnell,553
2437,2023BAND10,Onish Bandi,552
2438,2023FANK01,Owen Fankhauser,552
2439,2023ROSS15,Tony Rossi,540
2440,2023DERO01,Joel Deroy,502
2441,2022JAIN31,Pooja Jain,501
2442,2017HART11,Nancy Hartman,476
2443,2023THOM44,Mike Thomas,463
2444,2021ARND01,Sam Arndt-Ambrose,361
